ICAO, Registration, Model, Aircraft Type
c055d6,C-GGND,DH8D,L2T
c060bc,C-GKQL,DH8D,L2T
c08565,C-GYNK,A139,H2T
c05f8f,C-GKEW,C560,L2T
aa3646,N757YX,E75L,L2J
495268,CS-TSH,A21N,L2J
c04fd7,C-GEGC,A333,L2J
c01e28,C-FLKX,A321,L2J
c058cb,C-GHQG,A321,L2J
c0635f,C-GLQK,DH8D,L2T
c05ed8,C-GJXV,BCS3,L2J
c07721,C-GTCY,A321,L2J
c2c363,330002,A332,L2J
c066f0,C-GMZN,BCS3,L2J
c043b7,C-FZQS,A320,L2J
c066dd,C-GMYU,BCS3,L2J
a2ca64,N27908,B788,L2J
c040c5,C-FYNS,A319,L2J
c058be,C-GHPT,B788,L2J
c066b6,C-GMXH,B38M,L2J
c06724,C-GNBN,BCS3,L2J
c067ae,C-GNGV,BCS3,L2J
c05efe,C-GJZH,DH8D,L2T
c0307a,C-FSJH,B38M,L2J
c01c52,C-FKSV,B789,L2J
c0481b,C-GBHY,A319,L2J
c0440e,C-FZUB,A320,L2J
c01754,C-FIVR,B77W,L2J
c01551,C-FIBW,B737,L2J
c0208a,C-FMIJ,B763,L2J
c06a9b,C-GOJQ,A21N,L2J
c01d72,C-FLDX,B38M,L2J
896326,A6-ETI,B77W,L2J
c04fbb,C-GEFA,A333,L2J
c07aa4,C-GULN,B38M,L2J
a06bcc,N126UP,A306,L2J
406b22,G-XLEI,A388,L4J
c066f4,C-GMZR,BCS3,L2J
495268,CS-TSH,A21N,L2J
c02032,C-FMEZ,B752,L2J
a6dbf3,N541DE,A21N,L2J
c03a5a,C-FWCN,B737,L2J
344304,EC-LUB,A333,L2J
c07690,C-GSXJ,FA10,L2J
c058bb,C-GHPQ,B788,L2J
c027dc,C-FPCL,PC12,L1T
a8cc46,N666UA,B763,L2J
c05ed9,C-GJXW,BCS3,L2J
c0307c,C-FSJJ,B38M,L2J
c0584f,C-GHLM,A333,L2J
c02207,C-FMXA,B38M,L2J
a8a87e,N657UA,B763,L2J
c00b78,C-FEIX,E75S,No
c062b8,C-GLJZ,CRJ9,L2J
896190,A6-EEQ,A388,L4J
a18d83,N2C,GLF6,No
c00e93,C-FFNM,B734,L2J
c0468e,C-GASR,C25A,L2J
c00b9e,C-FEKJ,E75S,No
c00b5b,C-FEHU,CL35,L2J
c06357,C-GLQC,DH8D,L2T
aad5da,N798BD,GL5T,L2J
c05108,C-GERV,RV8,No
c06312,C-GLNL,LJ35,L2J
c065ef,C-GMPQ,PC12,L1T
c056ef,C-GGXY,RV9,No
c0618f,C-GKYO,CL60,L2J
c04a51,C-GCDS,GLEX,L2J
c084b9,C-GYGU,A321,L2J
c05bd6,C-GIUF,A321,L2J
4bb182,TC-LLB,B789,L2J
3c458a,D-AALJ,B77L,L2J
40688f,G-ZBJB,B788,L2J
c011b6,C-FGSJ,B763,L2J
acbeab,N920FD,B752,L2J
a30121,N293FE,B763,L2J
c01e93,C-FLPA,B752,L2J
c081a6,C-GXCN,DH8A,L2T
c06930,C-GNVR,B738,L2J
c0637c,C-GLRN,B738,L2J
c04af4,C-GCJZ,CRJ9,L2J
c030f7,C-FSOC,B38M,L2J
407979,G-ZBLC,B78X,L2J
896171,A6-EFK,B77L,L2J
c02023,C-FMEK,B752,L2J
c02ec7,C-FRSO,B789,L2J
4bb18a,TC-LLJ,B789,L2J
c0856d,C-GYNS,C340,L2P
ae0272,64-14840,K35R,L4J
485e2e,PH-BKH,B78X,L2J
c030ea,C-FSNP,C25B,L2J
c061d5,C-GLBG,GL7T,No
3c7a4e,D-ANRN,A339,L2J
3951c2,F-GUOC,B77L,L2J
c02039,C-FMFG,B752,L2J
ac0d21,N876FD,B77L,L2J
a109c8,N166UP,A306,L2J
a84343,N631UP,B748,L4J
a6b470,N531DA,A21N,L2J
a9cf43,N731FD,A306,L2J
a33b23,N307UP,B763,L2J
c00642,C-FCJP,B752,L2J
a2406b,N244S,GA6C,No
a1cf6b,N2157J,A21N,L2J
c05dd8,C-GJNZ,CRJ9,L2J
a6ce7d,N538DN,A21N,L2J
c05ecf,C-GJXM,E550,No
c06ce8,C-GPGH,DH8D,L2T
4067f7,G-TUIC,B788,L2J
4d0116,LX-VCL,B748,L4J
3c656b,D-AIKK,A333,L2J
c0225b,C-FNAG,PA31,L2P
3b76ae,F-RARF,A332,L2J
c00926,C-FDMB,B738,L2J
a17ecd,N196DN,B763,L2J
c00f3d,C-FFUA,C172,L1P
c05224,C-GFCT,PA34,L2P
a8d720,N669RA,LJ35,L2J
a1c1bb,N212JC,TLEG,No
01013c,SU-GDN,B77W,L2J
c022b1,C-FNDO,C172,L1P
c0192e,C-FJNX,A321,L2J
ab7376,N837MH,B764,L2J
ab5d2c,N831MH,B764,L2J
40621d,G-STBC,B77W,L2J
c078ba,C-GTSR,A332,L2J
acf54f,N934JB,A321,L2J
4ba954,TC-JJT,B77W,L2J
740821,JY-BAA,B788,L2J
4bb192,TC-LLR,B789,L2J
4d0103,LX-VCA,B748,L4J
896450,A6-EQA,B77W,L2J
48ae05,SP-LRF,B788,L2J
a835c5,N628UP,B748,L4J
a2e561,N286MJ,F900,L3J
ac7ad2,N903FD,B752,L2J
c07cf6,C-GVIJ,B763,L2J
a19e50,N203MW,CL60,L2J
c084fa,C-GYJH,H25B,L2J
896454,A6-EQE,B77W,L2J
4bb14d,TC-LJM,B77L,L2J
c00b98,C-FEKD,E75S,No
a75f15,N574UP,B744,L4J
c060c4,C-GKQT,E295,No
c06da2,C-GPNL,B733,L2J
c060c1,C-GKQQ,E295,No
c0407b,C-FYKW,A319,L2J
c010cb,C-FGJI,A320,L2J
c0799a,C-GUBH,A332,L2J
c03493,C-FTXQ,A321,L2J
48ae26,SP-LSG,B789,L2J
4bca63,TC-RSC,LJ45,L2J
c036b1,C-FUSM,B738,L2J
c06a83,C-GOIS,A21N,L2J
c04413,C-FZUG,A319,L2J
400774,G-VIIW,B772,L2J
c0173f,C-FIUW,B77W,L2J
c01a61,C-FJZS,B77W,L2J
c05edf,C-GJYC,BCS3,L2J
c00b9d,C-FEKI,E75S,No
4b1881,HB-JHH,A333,L2J
c07c7b,C-GVDQ,BCS3,L2J
c060b1,C-GKQA,DH8D,L2T
a0e600,N157UP,A306,L2J
c06a87,C-GOIW,A21N,L2J
c06120,C-GKUH,A333,L2J
c05bc6,C-GITP,A319,L2J
c00e8b,C-FFNE,B734,L2J
a07d01,N130UP,A306,L2J
49d13f,OK-TVM,B738,L2J
c01f28,C-FLUT,B38M,L2J
a8bd6a,N662UA,B763,L2J
c04814,C-GBHR,A319,L2J
46ada1,SX-KMA,CL60,L2J
c01040,C-FGDZ,B789,L2J
c05ee1,C-GJYE,BCS3,L2J
c051c6,C-GEZD,A321,L2J
ab00d6,N808NW,A333,L2J
c065e8,C-GMPJ,DHC6,L2T
c054a0,C-GGBF,DH8D,L2T
c07fe9,C-GWLK,B38M,L2J
4074e3,G-ZBJK,B788,L2J
c0616c,C-GKXF,E295,No
c06a38,C-GOFV,A333,L2J
c06a7a,C-GOIJ,A21N,L2J
c02fed,C-FSDW,B38M,L2J
aa77f0,N774AN,B772,L2J
c0104f,C-FGEO,B789,L2J
c051da,C-GEZX,A321,L2J
aa3b85,N759AN,B772,L2J
4d012d,LX-KCL,B744,L4J
c07fbe,C-GWJT,B737,L2J
c0751c,C-GSJB,A319,L2J
0c2065,HP-1725CMP,B738,L2J
a1b5e7,N20904,B788,L2J
7c1b06,VH-FMG,GL7T,No
c023c8,C-FNOH,B789,L2J
aa6bc0,N77022,B772,L2J
c00d7d,C-FFCU,B190,L2T
c06aa7,C-GOKC,A21N,L2J
3949f0,F-GSPQ,B772,L2J
aa2ca9,N755AN,B772,L2J
c050c4,C-GEPF,B38M,L2J
a18e9d,N2PG,GLF6,No
c0203e,C-FMFL,F2TH,L2J
a690a8,N522DA,A21N,L2J
a6d27b,N539GJ,CRJ7,L2J
aa998a,N782SF,GL7T,No
4006c4,G-VIIS,B772,L2J
c06364,C-GLQP,DH8D,L2T
440002,OE-LPA,B772,L2J
3444c4,EC-LZJ,A333,L2J
485341,PH-BHG,B789,L2J
4005ba,G-VIIB,B772,L2J
c0725d,C-GRIA,E55P,L2J
c00ebb,C-FFPA,B752,L2J
aae6d5,N801NW,A333,L2J
4bb199,TC-LLY,B789,L2J
4007f4,G-YMMI,B772,L2J
4952b3,CS-TUS,A339,L2J
3c6702,D-AIXB,A359,L2J
c0174f,C-FIVM,B77W,L2J
406f76,G-ZBKJ,B789,L2J
a9961b,N717AN,B77W,L2J
c05056,C-GEKZ,B38M,L2J
a9aebe,N723AN,B77W,L2J
c08412,C-GYAJ,B763,L2J
a976a5,N709GT,B77L,L2J
c04082,C-FYLD,ASTR,L2J
4ba94b,TC-JJK,B77W,L2J
c05650,C-GGRV,RV3,No
3965ab,F-GZNL,B77W,L2J
c0481c,C-GBHZ,A319,L2J
c027d1,C-FPCA,B763,L2J
c0196c,C-FJQH,A321,L2J
c05c5b,C-GIZI,P28R,L1P
c019d9,C-FJUM,DA40,L1P
a003ea,N10RZ,G150,L2J
c063fc,C-GLWL,PA31,L2P
c05190,C-GEXB,A321,L2J
c02df1,C-FRKI,F2TH,L2J
c06732,C-GNCB,GLEX,L2J
c047a3,C-GBDI,CL60,L2J
a8ec57,N674UA,B763,L2J
4ca15e,EI-DAA,A332,L2J
a7d6b3,N604GB,GA6C,No
a6837d,N519GJ,CRJ7,L2J
a61584,N491TM,BE40,L2J
c0868a,C-GYYR,DH8D,L2T
3c4a8b,D-ABTK,B744,L4J
39cf05,F-HTYF,A359,L2J
c07244,C-GRHB,C208,L1T
aa3417,N757AN,B772,L2J
aa6ccb,N771AN,B772,L2J
c05067,C-GELQ,B38M,L2J
4078b8,G-XWBE,A35K,L2J
a9d640,N733AR,B77W,L2J
a7fbb3,N613UP,B748,L4J
c078ff,C-GTVI,C172,L1P
407944,G-XWBH,A35K,L2J
c05197,C-GEXI,A320,L2J
c030a6,C-FSKZ,B38M,L2J
c00cd6,C-FEWJ,B38M,L2J
896353,A6-ETP,B77W,L2J
3949eb,F-GSPL,B772,L2J
4007fb,G-YMMP,B772,L2J
ae145e,06-6160,C17,L4J
346456,EC-NJM,A359,L2J
406d78,G-ZBKB,B789,L2J
4d0114,LX-VCK,B748,L4J
346605,EC-NNH,A332,L2J
4851ad,PH-BHA,B789,L2J
c07c26,C-GVAJ,B752,L2J
a2a2df,N26902,B788,L2J
ac34a0,N886FD,B77L,L2J
c05e62,C-GJTH,A321,L2J
a16195,N1886G,GLEX,L2J
3c458f,D-AALO,B77L,L2J
780a6f,B-LJL,B748,L4J
a9c508,N729AN,B77W,L2J
a1fcc5,N227UA,B772,L2J
407898,G-ZBLA,B78X,L2J
868056,JA738J,B77W,L2J
8695a4,JA797A,B77W,L2J
3462c8,EC-NEN,A332,L2J
ad6b0e,N964AM,B788,L2J
a82e57,N626UP,B748,L4J
a645b4,N503GJ,CRJ7,L2J
495305,CS-TXE,A21N,L2J
a00012,N1AR,GLEX,L2J
0d0022,XA-JOY,B738,L2J
39d2a2,F-HUVC,A359,L2J
39cf10,F-HTYQ,A359,L2J
a8bc71,N662JB,A320,L2J
3c4b2d,D-ABYM,B748,L4J
c00122,C-FALD,PC12,L1T
c04583,C-GAIK,C25M,L2J
a57af9,N452QS,E55P,L2J
a80a97,N617UX,E75L,No
c03a56,C-FWCJ,LA4,No
a12ee7,N17557,B39M,L2J
c03cb0,C-FWZN,BE33,L1P
a6c247,N53441,B739,L2J
780a5b,B-KQK,B77W,L2J
a83782,N62884,B739,L2J
ac2a33,N883NN,B738,L2J
c05574,C-GGJJ,SR22,L1P
aa1dcd,N751AN,B772,L2J
c05ea6,C-GJVX,A321,L2J
c07721,C-GTCY,A321,L2J
c03c02,C-FWSV,B737,L2J
a390ed,N329NB,A319,L2J
c04052,C-FYJH,A319,L2J
c04b57,C-GCNU,B733,L2J
c05220,C-GFCP,A320,L2J
c05f08,C-GJZR,DH8D,L2T
c060b8,C-GKQH,DH8D,L2T
c01d7e,C-FLEJ,B38M,L2J
c052e0,C-GFJZ,CRJ9,L2J
c04a77,C-GCFE,C182,L1P
c0638f,C-GLSG,PA46,L1P
c060b5,C-GKQE,DH8D,L2T
c07d20,C-GVJZ,DH8D,L2T
c0636c,C-GLQX,DH8D,L2T
c010e4,C-FGKH,A320,L2J
c05f0f,C-GJZY,DH8D,L2T
c025a8,C-FOGT,CL60,L2J
394a15,F-GSQV,B77W,L2J
c0635e,C-GLQJ,DH8D,L2T
3c64ef,D-AIGO,A343,L4J
c0671b,C-GNBE,BCS3,L2J
c08853,C-GZQG,E295,No
c00e6c,C-FFLZ,B38M,L2J
c017d7,C-FJAS,E545,No
c050c0,C-GEPB,B38M,L2J
4d2372,9H-TQP,A332,L2J
c055c1,C-GGMI,DH8D,L2T
c08565,C-GYNK,A139,No
c0665a,C-GMTT,BE24,No
c060c0,C-GKQP,E295,No
abd3cf,N861NW,A332,L2J
c0248b,C-FNVU,A320,L2J
c06c56,C-GPAR,DH8C,L2T
c060b3,C-GKQC,DH8D,L2T
c05ed8,C-GJXV,BCS3,L2J
c0636e,C-GLQZ,DH8D,L2T
a6496b,N504GJ,CRJ7,L2J
a6f9fa,N549GJ,CRJ7,L2J
c080dc,C-GWUT,BCS3,L2J
c060c2,C-GKQR,E295,No
896327,A6-ETJ,B77W,L2J
aa6533,N769YX,E75L,No
c0635b,C-GLQG,DH8D,L2T
c05ef7,C-GJZA,DH8D,L2T
c060b9,C-GKQI,DH8D,L2T
c0174d,C-FIVK,B77L,L2J
a2ca5f,N27903,B788,L2J
c06359,C-GLQE,DH8D,L2T
c04fd7,C-GEGC,A333,L2J
a9acb8,N722TW,B752,L2J
484443,PH-AOD,A332,L2J
c06a7d,C-GOIM,A21N,L2J
c07e33,C-GVUO,BCS3,L2J
c06417,C-GLXM,GLEX,L2J
c023c5,C-FNOE,B789,L2J
c00821,C-FDCA,A320,L2J
c05ea2,C-GJVT,A320,L2J
c02cf1,C-FRAM,B77W,L2J
c050c5,C-GEPG,B38M,L2J
c01723,C-FITU,B77W,L2J
c05873,C-GHMW,CL60,L2J
4bb143,TC-LJC,B77W,L2J
c058d5,C-GHQQ,B788,L2J
40731c,G-ZBJI,B788,L2J
39cf12,F-HTYS,A359,L2J
c06709,C-GNAM,BCS3,L2J
c060c7,C-GKQW,E295,No
c01945,C-FJOU,A321,L2J
c04826,C-GBIJ,A319,L2J
c06a58,C-GOHB,F2TH,L2J
c04811,C-GBHO,A319,L2J
48ae00,SP-LRA,B788,L2J
c00cb6,C-FEVD,B738,L2J
4d23ed,9H-VIM,GL7T,No
3949f9,F-GSPZ,B772,L2J
a6ee8e,N546DN,A21N,L2J
c05eb6,C-GJWN,A321,L2J
c038aa,C-FVLX,B789,L2J
c07982,C-GUAJ,B763,L2J
c07971,C-GTZS,BCS3,L2J
740827,JY-BAG,B788,L2J
c08852,C-GZQF,E295,No
440cdc,OE-LTC,GLF5,L2J
c01aa6,C-FKCJ,B752,L2J
c0172e,C-FIUF,B77L,L2J
c060b6,C-GKQF,DH8D,L2T
c0175a,C-FIVX,B77W,L2J
c060c9,C-GKQY,E295,No
c0884f,C-GZQC,E295,No
c00ba7,C-FEKS,E75S,No
c038a7,C-FVLU,B789,L2J
c06365,C-GLQQ,DH8D,L2T
740825,JY-BAE,B788,L2J
c008c6,C-FDIJ,B763,L2J
a9a901,N721TW,B752,L2J
c06be3,C-GOWG,B738,L2J
c06361,C-GLQM,DH8D,L2T
c02ebd,C-FRSE,B789,L2J
c01734,C-FIUL,B77W,L2J
c06a88,C-GOIX,A21N,L2J
c06229,C-GLEM,P180,L2T
c030ef,C-FSNU,B38M,L2J
a07304,N128SK,FA8X,No
c0173a,C-FIUR,B77W,L2J
c06a7f,C-GOIO,A21N,L2J
c0332c,C-FTJV,B38M,L2J
c05bc8,C-GITR,A319,L2J
c07966,C-GTZH,BCS3,L2J
abb035,N852QS,C700,No
c0466c,C-GARJ,A319,L2J
c06a7b,C-GOIK,A21N,L2J
c05f8f,C-GKEW,C560,L2J
c06362,C-GLQN,DH8D,L2T
c04671,C-GARO,A319,L2J
c01e28,C-FLKX,A321,L2J
c02535,C-FOCI,CL35,L2J
c050ae,C-GEOJ,B38M,L2J
c02029,C-FMEQ,B752,L2J
406890,G-ZBJC,B788,L2J
c01753,C-FIVQ,B77W,L2J
c038a3,C-FVLQ,B789,L2J
c05ec7,C-GJXE,BCS3,L2J
4ba94c,TC-JJL,B77W,L2J
c07e2c,C-GVUH,BCS3,L2J
c013de,C-FHNP,B737,L2J
c04aed,C-GCJS,B752,L2J
c06279,C-GLHO,B190,L2T
c06539,C-GMIQ,B38M,L2J
c079a1,C-GUBO,A333,L2J
c058b4,C-GHPJ,A321,L2J
a845f4,N632JB,A320,L2J
c06363,C-GLQO,DH8D,L2T
a8c121,N663UA,B763,L2J
c04599,C-GAJG,B763,L2J
c055f5,C-GGOI,DH8D,L2T
c051cc,C-GEZJ,A321,L2J
c0635c,C-GLQH,DH8D,L2T
43e91c,M-RISE,B752,L2J
c02028,C-FMEP,B752,L2J
c08857,C-GZQK,E295,No
c01755,C-FIVS,B77W,L2J
c06a5f,C-GOHI,PC12,L1T
abc29a,N857NW,A332,L2J
c073f1,C-GRXO,PC12,L1T
c03064,C-FSIL,B38M,L2J
c06c53,C-GPAO,DH8D,L2T
c06360,C-GLQL,DH8D,L2T
c04850,C-GBJZ,DH8D,L2T
040049,ET-AOS,B788,L2J
8004de,VT-ALP,B77W,L2J
c07b0a,C-GUPL,BCS3,L2J
c080db,C-GWUS,BCS3,L2J
c04049,C-FYIY,A319,L2J
c048a3,C-GBNE,C560,L2J
c035bf,C-FUJE,E75S,No
c051e2,C-GFAF,A333,L2J
a6898d,N520GJ,CRJ7,L2J
c0636a,C-GLQV,DH8D,L2T
c0541c,C-GFWD,CL60,L2J
c053b4,C-GFSD,C25B,L2J
c080d9,C-GWUQ,BCS3,L2J
c08863,C-GZQW,E295,No
c05eb7,C-GJWO,A321,L2J
c00b7b,C-FEJA,CRJ2,L2J
c05d08,C-GJFZ,CRJ9,L2J
c058ae,C-GHPD,A321,L2J
c00e5c,C-FFLJ,B738,L2J
c06cd9,C-GPFS,M20P,L1P
a7f445,N611UP,B748,L4J
c060b4,C-GKQD,DH8D,L2T
c07120,C-GQVV,C172,L1P
c05c7a,C-GJAN,CRJ9,L2J
c05e8e,C-GJUZ,CRJ9,L2J
a1a2a2,N204UA,B772,L2J
c064d8,C-GMEX,B38M,L2J
4d23e9,9H-CHI,B38M,L2J
c0326d,C-FTCM,P28R,L1P
c023ae,C-FNNH,B77L,L2J
c060c8,C-GKQX,E295,No
c00d9e,C-FFEB,P28A,L1P
c04129,C-FYRO,R44,H1P
c00b86,C-FEJL,E75S,No
c07e62,C-GVWJ,B737,L2J
c08497,C-GYFM,A321,L2J
c06d48,C-GPJZ,CRJ9,L2J
c0404f,C-FYJE,A319,L2J
c0635a,C-GLQF,DH8D,L2T
c05f93,C-GKFA,A321,L2J
c060ba,C-GKQJ,E295,No
89618e,A6-EEO,A388,L4J
aaf5b1,N805NW,A333,L2J
4403bd,OE-IIS,GLF5,L2J
c0478b,C-GBCK,DA40,L1P
c02fd5,C-FSCY,B38M,L2J
c04fe4,C-GEGP,A333,L2J
c01235,C-FGXG,BE9L,L2T
aa477b,N761YX,E75L,No
c055e9,C-GGNW,DH8D,L2T
c04eb6,C-GDUZ,B763,L2J
c08866,C-GZQZ,E295,No
3c4589,D-AALI,B77L,L2J
c066f0,C-GMZN,BCS3,L2J
c02966,C-FPRP,B738,L2J
c05054,C-GEKX,B38M,L2J
aa6b43,N770YX,E75L,No
c078ac,C-GTSD,A333,L2J
c05840,C-GHKX,A333,L2J
c01fbf,C-FMAO,PC12,L1T
c0635f,C-GLQK,DH8D,L2T
c02fb4,C-FSBR,E545,No
aafd1f,N807NW,A333,L2J
39d2a6,F-HUVG,A359,L2J
c02ee9,C-FRTW,B789,L2J
c03c0c,C-FWTF,E55P,L2J
3c64c6,D-AIFF,A343,L4J
4a91af,SE-DMO,A21N,L2J
c05430,C-GFWX,A320,L2J
c00e55,C-FFLC,B738,L2J
a6eed5,N546GJ,CRJ7,L2J
ace063,N929JB,A321,L2J
a768a2,N577CF,FA7X,L3J
c0885e,C-GZQR,E295,No
495303,CS-TXC,A21N,L2J
c05ed0,C-GJXN,BCS3,L2J
c055d6,C-GGND,DH8D,L2T
c02fb8,C-FSBV,B789,L2J
c060c6,C-GKQV,E295,No
4841ad,PH-BQN,B772,L2J
c06a82,C-GOIR,A21N,L2J
c0524c,C-GFEH,B738,L2J
c05e72,C-GJTX,A321,L2J
c06a80,C-GOIP,A21N,L2J
aa7ec2,N77558,B39M,L2J
4005c0,G-VIIH,B772,L2J
3c4ad7,D-ABVW,B744,L4J
abd6ed,N862GT,B748,L4J
c06800,C-GNJZ,CRJ9,L2J
c08862,C-GZQV,E295,No
c05ee5,C-GJYI,BCS3,L2J
c079a6,C-GUBT,A332,L2J
c07d1a,C-GVJT,C560,L2J
c03a1e,C-FWAF,PC12,L1T
3c656e,D-AIKN,A333,L2J
3c4a01,D-ABPA,B789,L2J
c0064c,C-FCJZ,CRJ9,L2J
a2ca5d,N27901,B788,L2J
c080dd,C-GWUU,B789,L2J
abb3be,N853NW,A332,L2J
a2f200,N28912,B788,L2J
c0583f,C-GHKW,A333,L2J
c04ff7,C-GEHI,B38M,L2J
c05efa,C-GJZD,DH8D,L2T
c038ca,C-FVND,B789,L2J
c0103e,C-FGDX,B789,L2J
c060bb,C-GKQK,E295,No
aafbdf,N807AA,B788,L2J
3c7a41,D-ANRA,A339,L2J
406b05,G-STBL,B77W,L2J
406f78,G-ZBKL,B789,L2J
a86ab5,N641UA,B763,L2J
4b1885,HB-JHL,A333,L2J
c04681,C-GASE,E545,No
c058c3,C-GHPY,B788,L2J
aa8315,N777AN,B772,L2J
c0171a,C-FITL,B77W,L2J
4d0102,LX-VCC,B748,L4J
abbe23,N856FD,B77L,L2J
4caa32,EI-EJM,A332,L2J
c05d9b,C-GJLQ,A320,L2J
c019eb,C-FJVE,B738,L2J
a9de77,N735JS,C25B,L2J
c01c48,C-FKSL,SF34,L2T
a6f643,N548GJ,CRJ7,L2J
4ba956,TC-JJV,B77W,L2J
3c64fa,D-AIGZ,A343,L4J
c00ec2,C-FFPH,B738,L2J
c05e96,C-GJVH,SW4,L2P
a6c358,N535DN,A21N,L2J
39ce24,F-HTRE,A359,L2J
c0550c,C-GGFJ,DH8D,L2T
4075b3,G-VLUX,A35K,L2J
c0583a,C-GHKR,A333,L2J
4079cd,G-VEVE,A35K,L2J
c03bfb,C-FWSO,B737,L2J
c06a76,C-GOIF,A21N,L2J
a50370,N422DZ,A339,L2J
c007ac,C-FCXN,C185,No
4b187b,HB-JHB,A333,L2J
39cf0d,F-HTYN,A359,L2J
3949f8,F-GSPY,B772,L2J
c060b7,C-GKQG,DH8D,L2T
c06e45,C-GPTS,A332,L2J
c03fa3,C-FYCO,R44,H1P
ae123a,04-4128,C17,L4J
89639d,A6-EOD,A388,L4J
8963e9,A6-EOL,A388,L4J
3c458c,D-AALL,B77L,L2J
aa92fc,N78005,B772,L2J
a50725,N423DX,A339,L2J
c05007,C-GEHY,B38M,L2J
896453,A6-EQD,B77W,L2J
c062f9,C-GLMM,CL35,L2J
c0168e,C-FIOB,SW4,L2P
aaf1fa,N804NW,A333,L2J
485b42,PH-BKA,B78X,L2J
c05e9b,C-GJVM,PC12,L1T
4bb184,TC-LLD,B789,L2J
3c7a45,D-ANRE,A339,L2J
4ca5c7,EI-DUZ,A333,L2J
a703c1,N551GJ,CRJ7,L2J
c053f6,C-GFUR,A333,L2J
4ba955,TC-JJU,B77W,L2J
c0817c,C-GXAX,B38M,L2J
c0101a,C-FGCN,B733,L2J
c05bcf,C-GITY,A321,L2J
406f77,G-ZBKK,B789,L2J
c05da4,C-GJLZ,B738,L2J
4074e2,G-ZBJJ,B788,L2J
c07aa3,C-GULM,PA31,L2P
c0013a,C-FAMB,CL60,L2J
c03d0c,C-FXDB,GLEX,L2J
c082a4,C-GXMH,C150,L1P
39c425,F-HRBF,B789,L2J
39d2a3,F-HUVD,A359,L2J
c038cc,C-FVNF,B789,L2J
c023bd,C-FNNW,B77W,L2J
3949e4,F-GSPE,B772,L2J
c01a7d,C-FKAU,B77W,L2J
aa931d,N78013,B772,L2J
c07995,C-GUBC,A332,L2J
394a0d,F-GSQN,B77W,L2J
c02eca,C-FRSR,B789,L2J
39cf11,F-HTYR,A359,L2J
485e2d,PH-BKG,B78X,L2J
c05f94,C-GKFB,A321,L2J
a75103,N57016,B772,L2J
c0884e,C-GZQB,E295,No
c04fdd,C-GEGI,A333,L2J
406d7b,G-ZBKE,B789,L2J
c03cf4,C-FXCD,A320,L2J
39cf06,F-HTYG,A359,L2J
c02f21,C-FRWA,B738,L2J
c080ae,C-GWSZ,B738,L2J
a999d2,N718AN,B77W,L2J
aa92ff,N78008,B772,L2J
4007f9,G-YMMN,B772,L2J
4d23e8,9H-ETA,B38M,L2J
c05f0a,C-GJZT,CRJ9,L2J
aa4440,N76021,B772,L2J
c051d0,C-GEZN,A321,L2J
4bb181,TC-LLA,B789,L2J
406f7c,G-ZBKP,B789,L2J
86831e,JA742J,B77W,L2J
40779a,G-XWBD,A35K,L2J
407dbf,G-DHLW,B77L,L2J
aba7d9,N850FD,B77L,L2J
34718d,EC-NRG,A332,L2J
3c4ec7,D-ACVG,A333,L2J
a9a750,N721AN,B77W,L2J
3c70c5,D-ALFE,B77L,L2J
a8397c,N629UP,B748,L4J
ae49c2,09-9206,C17,L4J
c04aca,C-GCIJ,B763,L2J
acf906,N935JB,A321,L2J
c0797b,C-GUAC,BCS3,L2J
c030eb,C-FSNQ,B38M,L2J
a6aaba,N529DT,A21N,L2J
c0267c,C-FOOX,ASTR,L2J
c01e1f,C-FLKO,B38M,L2J
c041b9,C-FYXC,B38M,L2J
c060bf,C-GKQO,E295,No
aa7f02,N77572,B39M,L2J
c01b74,C-FKKH,B350,L2T
c06e87,C-GPWG,A320,L2J
c02267,C-FNAS,C25B,L2J
c02e92,C-FRQN,E75S,No
c0613e,C-GKVL,B738,L2J
a67452,N515DE,A21N,L2J
500264,T7-MPS,PC24,No
aca5a4,N914BD,GLF6,No
c01624,C-FIJZ,CRJ9,L2J
c08509,C-GYJW,B789,L2J
a21a33,N2343X,C208,L1T
aa5a0e,N766YX,E75L,No
c060b2,C-GKQB,DH8D,L2T
c01970,C-FJQL,A321,L2J
a12f2a,N17574,B39M,L2J
c047e9,C-GBGA,C182,L1P
c05f23,C-GKAS,C310,L2P
c00dce,C-FFFX,B38M,L2J
c04db0,C-GDKX,C172,L1P
c01b6c,C-FKJZ,CRJ9,L2J
c01968,C-FJQD,A321,L2J
c029c8,C-FPVJ,DH8D,L2T
c053c0,C-GFSP,C172,L1P
c04d3f,C-GDGO,CL30,L2J
3c0f75,D-AUWE,GLEX,L2J
c01dac,C-FLGD,B38M,L2J
7608f9,AP-BGY,B77L,L2J
c0107a,C-FGGF,CL30,L2J
a6709b,N514DE,A21N,L2J
c08861,C-GZQU,E295,No
a12fda,N176DZ,B763,L2J
06a1e8,A7-BFK,B77L,L2J
c065ed,C-GMPO,PC12,L1T
c05ce8,C-GJET,C560,L2J
c008f0,C-FDJZ,CRJ9,L2J
c0596b,C-GHWK,C172,L1P
c074ad,C-GSEU,C172,L1P
ab4489,N825MH,B764,L2J
a6dc42,N541GJ,CRJ7,L2J
c05eb1,C-GJWI,A321,L2J
c00b7c,C-FEJB,E75S,No
c060ca,C-GKQZ,E295,No
abd018,N860NW,A332,L2J
c04b38,C-GCMP,LJ45,L2J
ab6851,N834MH,B764,L2J
c058cb,C-GHQG,A321,L2J
39cf04,F-HTYE,A359,L2J
c06e49,C-GPTW,C172,L1P
71be31,HL7631,B748,L4J
c004f3,C-FBWS,B38M,L2J
c074e1,C-GSGU,C208,L1T
c060c3,C-GKQS,E295,No
add051,N99AG,C25B,L2J
c06a75,C-GOIE,A21N,L2J
c01860,C-FJFZ,CRJ9,L2J
c078b2,C-GTSJ,A332,L2J
010154,SU-GDR,B77W,L2J
c083f2,C-GXZD,A333,L2J
c02f67,C-FRYS,LJ75,No
c066dd,C-GMYU,BCS3,L2J
c030fd,C-FSOI,B38M,L2J
c06167,C-GKXA,E295,No
c00b9c,C-FEKH,E75S,No
c0523f,C-GFDU,A320,L2J
c0866a,C-GYXL,SW4,L2P
c013dc,C-FHNN,B737,L2J
3c4581,D-AALA,B77L,L2J
c017e9,C-FJBK,C310,L2P
c0015c,C-FANJ,PC12,L1T
c07ffe,C-GWMF,TBM9,No
ab0a9d,N810NW,A333,L2J
c051d1,C-GEZO,A321,L2J
aa43c4,N760YX,E75L,No
abca08,N859NW,A332,L2J
c06927,C-GNVI,LJ45,L2J
a0e9b7,N158UP,A306,L2J
400684,G-VIIL,B772,L2J
3c4ad5,D-ABVU,B744,L4J
aaf828,N806AA,B788,L2J
c05eac,C-GJWD,A321,L2J
3c6570,D-AIKP,A333,L2J
406f7b,G-ZBKO,B789,L2J
c05ef9,C-GJZC,DH8D,L2T
3c4acd,D-ABVM,B744,L4J
c058cd,C-GHQI,A321,L2J
a6ffc3,N550DN,A21N,L2J
abbee3,N856NW,A332,L2J
ae026b,62-3515,K35R,L4J
c07c7a,C-GVDP,BCS3,L2J
abc651,N858NW,A332,L2J
3c670c,D-AIXL,A359,L2J
c01729,C-FIUA,B77L,L2J
c03003,C-FSES,B38M,L2J
4b1887,HB-JHN,A333,L2J
c04051,C-FYJG,A319,L2J
3c7a49,D-ANRI,A339,L2J
406f74,G-ZBKH,B789,L2J
3949e0,F-GSPA,B772,L2J
06a062,A7-BAC,B77W,L2J
3c4a03,D-ABPC,B789,L2J
4ba94e,TC-JJN,B77W,L2J
a972ee,N708GT,B77L,L2J
c06358,C-GLQD,DH8D,L2T
aab202,N789AN,B772,L2J
407cd2,G-XWBM,A35K,L2J
89644e,A6-EPY,B77W,L2J
c01e11,C-FLKA,B38M,L2J
896354,A6-ETQ,B77W,L2J
c060bc,C-GKQL,E295,No
485789,PH-BHO,B789,L2J
c0653d,C-GMIU,B38M,L2J
aaf968,N806NW,A333,L2J
c01074,C-FGFZ,B789,L2J
406a9c,G-ZBJE,B788,L2J
c005c5,C-FCEU,A321,L2J
aced2b,N932AV,A20N,L2J
c058bf,C-GHPU,B788,L2J
4bb189,TC-LLI,B789,L2J
c01049,C-FGEI,B789,L2J
a76154,N575DN,A21N,L2J
c080aa,C-GWSV,B738,L2J
c023c7,C-FNOG,B789,L2J
c08081,C-GWRG,B738,L2J
4bb18d,TC-LLM,B789,L2J
c0611f,C-GKUG,A333,L2J
3c64c5,D-AIFE,A343,L4J
c0502e,C-GEJL,B38M,L2J
4d012c,LX-ICL,B744,L4J
407af3,G-XWBI,A35K,L2J
a6bfa6,N534DT,A21N,L2J
4b8466,TC-ACF,B744,L4J
c08864,C-GZQX,E295,No
c03069,C-FSIQ,B38M,L2J
c01ebb,C-FLQO,B38M,L2J
c054e3,C-GGDU,DH8D,L2T
c01a5a,C-FJZL,CRJ9,L2J
c01a5c,C-FJZN,CRJ9,L2J
740826,JY-BAF,B788,L2J
71c008,HL8008,B77W,L2J
c0653f,C-GMIW,B38M,L2J
aa617c,N768YX,E75L,No
c052bb,C-GFIO,CRJ2,L2J
a9fa5c,N742E,CL30,L2J
a7c97d,N600YZ,GA6C,No
c07310,C-GROX,C182,L1P
ab2855,N818NW,A333,L2J
c03365,C-FTMA,CL30,L2J
c03006,C-FSEV,C172,L1P
c01d2d,C-FLBG,B38M,L2J
4d2139,9H-VJX,GLEX,L2J
c00668,C-FCLB,PC12,L1T
39cf03,F-HTYD,A359,L2J
c04acf,C-GCIO,B429,No
3c4b2f,D-ABYO,B748,L4J
c006b1,C-FCNW,B738,L2J
a124b5,N173DZ,B763,L2J
c05271,C-GFFS,C25B,L2J
71c005,HL8005,B77L,L2J
3c7a4c,D-ANRL,A339,L2J
44ccc8,OO-SFH,A333,L2J
c031f0,C-FSXR,CL30,L2J
406832,G-VWAG,A333,L2J
40675e,G-VNYC,A333,L2J
a120fe,N172DZ,B763,L2J
407371,G-VNYL,B789,L2J
4bb14c,TC-LJL,B77L,L2J
c04f06,C-GDYB,P28A,L1P
407be2,G-EILA,A333,L2J
4067d6,G-VGBR,A333,L2J
ab60e3,N832MH,B764,L2J
c01694,C-FIOH,SW4,L2P
c01ec5,C-FLQY,DH8D,L2T
c00b8a,C-FEJP,E75S,No
a649c8,N504LB,RV10,No
39a56f,F-HJLP,E550,No
c026ba,C-FORH,PA31,L2P
c0527b,C-GFGC,CL60,L2J
a665c5,N511GJ,CRJ7,L2J
ab321c,N820NW,A333,L2J
a67c03,N517FX,CL30,L2J
c0662c,C-GMRZ,RV12,No
3c15c1,D-AXGE,A332,L2J
c07358,C-GRRR,P28U,No
c027bf,C-FPBI,PA30,No
3cd003,D-CGBR,LJ55,L2J
c032c2,C-FTFT,BE10,L2T
c06b60,C-GORF,B190,L2T
c08859,C-GZQM,E295,No
86e452,JA864J,B789,L2J
ac83c3,N905WR,H25B,L2J
39c426,F-HRBG,B789,L2J
c0533b,C-GFNM,C172,L1P
c06f1f,C-GQCC,C550,L2J
c0864e,C-GYWJ,B737,L2J
c04135,C-FYSA,PA44,L2P
4007ed,G-YMMB,B772,L2J
c05219,C-GFCI,A320,L2J
c05030,C-GEJN,B38M,L2J
c06206,C-GLDD,C172,L1P
c0670f,C-GNAS,C25B,L2J
4007f0,G-YMME,B772,L2J
3c7a47,D-ANRG,A339,L2J
3c6564,D-AIKD,A333,L2J
c04941,C-GBTG,BE36,L1P
3c6563,D-AIKC,A333,L2J
406814,G-VGEM,A333,L2J
c001d7,C-FASC,C172,L1P
c00c67,C-FESC,C172,L1P
c03d9a,C-FXIN,-,No
c0648a,C-GMBX,PA44,L2P
4ba959,TC-JJY,B77W,L2J
c02513,C-FOBA,B58T,No
485b43,PH-BKC,B78X,L2J
c05027,C-GEJE,B350,L2T
4bb18b,TC-LLK,B789,L2J
406d4c,G-VCRU,B789,L2J
3c64f7,D-AIGW,A343,L4J
4a91b3,SE-DMS,A21N,L2J
c00b80,C-FEJF,E75S,No
a8dd7b,N670UA,B763,L2J
c05d9c,C-GJLR,GALX,L2J
407943,G-XWBG,A35K,L2J
347343,EC-NVR,A359,L2J
a75da2,N574DT,A21N,L2J
89611e,A6-ECW,B77W,L2J
39d2a4,F-HUVE,A359,L2J
4bb14a,TC-LJJ,B77W,L2J
a43bb3,N372EX,F2TH,L2J
48ae24,SP-LSE,B789,L2J
3c6572,D-AIKR,A333,L2J
3c4ada,D-ABVZ,B744,L4J
abac50,N851NW,A332,L2J
ad0e97,N940QS,C68A,No
ad763b,N967AV,A20N,L2J
c023bb,C-FNNU,B77W,L2J
c0293e,C-FPQB,B789,L2J
c0816e,C-GXAJ,B763,L2J
a6f23d,N547DE,A21N,L2J
c02ae3,C-FQGG,B38M,L2J
407af5,G-XWBJ,A35K,L2J
c010ea,C-FGKN,A321,L2J
c0336d,C-FTMI,F2TH,L2J
a8fda9,N679FE,A306,L2J
8962e5,A6-ETG,B77W,L2J
aa7082,N772AN,B772,L2J
a8c4d8,N664UA,B763,L2J
c02ed9,C-FRTG,B789,L2J
4843f3,PH-BQP,B772,L2J
406ec7,G-XLEL,A388,L4J
48ae07,SP-LRH,B788,L2J
c02ec1,C-FRSI,B789,L2J
4d0140,LX-OCV,B744,L4J
c01a72,C-FKAJ,B752,L2J
c052ca,C-GFJD,B38M,L2J
3c6707,D-AIXG,A359,L2J
c03c04,C-FWSX,B737,L2J
a8ac35,N658UA,B763,L2J
39cf0b,F-HTYL,A359,L2J
c0197e,C-FJQZ,CRJ9,L2J
3951c1,F-GUOB,B77L,L2J
3c70c2,D-ALFB,B77L,L2J
c07712,C-GTCJ,B752,L2J
c06af6,C-GOND,DH8A,L2T
4bb196,TC-LLV,B789,L2J
a05939,N121UP,A306,L2J
a9b2e9,N724FD,A306,L2J
c04aee,C-GCJT,B752,L2J
a3778e,N322UP,B763,L2J
a55054,N441WM,E55P,L2J
407cf7,G-DHLX,B77L,L2J
a6c70f,N536DN,A21N,L2J
c00943,C-FDNE,B350,L2T
a6eacf,N545DE,A21N,L2J
c04b8d,C-GCPW,J328,L2J
a53341,N434PB,GA6C,No
c02fe7,C-FSDQ,B38M,L2J
c071d9,C-GRCY,CL60,L2J
a445cd,N37456,B739,L2J
c060bd,C-GKQM,E295,No
c05bb6,C-GISZ,BE20,L2T
c05060,C-GELJ,B38M,L2J
a51d2d,N429BF,B429,No
a46ad6,N384HA,A332,L2J
c06d9a,C-GPND,B407,No
4d0107,LX-VCG,B748,L4J
c0675c,C-GNDR,TBM9,No
c067a1,C-GNGI,PC12,L1T
c06356,C-GLQB,DH8D,L2T
c05ff6,C-GKIV,C560,L2J
c08253,C-GXJE,GLEX,L2J
c00bcb,C-FEMC,LJ40,L2J
c06d9b,C-GPNE,DH8D,L2T
040088,ET-ARF,B788,L2J
c001da,C-FASF,E545,No
01013d,SU-GDO,B77W,L2J
c065f4,C-GMPV,PC12,L1T
c05086,C-GEMV,B38M,L2J
ab20e7,N816NW,A333,L2J
c07235,C-GRGM,FA7X,L3J
c03cf1,C-FXCA,B763,L2J
4d23e3,9H-TAU,B38M,L2J
c003a8,C-FBJZ,CRJ9,L2J
acf5f4,N934QS,C68A,No
c04a84,C-GCFR,DHC7,L4T
c0193c,C-FJOL,LJ60,L2J
3c4594,D-AALT,B77L,L2J
c007d4,C-FCZB,M20P,L1P
c0846a,C-GYDT,DA40,L1P
4d20d7,9H-VJL,GLEX,L2J
c036ca,C-FUTL,C525,L2J
c05c0e,C-GIWJ,B38M,L2J
4851b0,PH-BHE,B789,L2J
495308,CS-TXH,A21N,L2J
c01ec6,C-FLQZ,B38M,L2J
c023b7,C-FNNQ,B77W,L2J
a12d2f,N175QS,GL7T,No
ac3448,N886BR,B788,L2J
a9a4aa,N720ML,F900,L3J
c04c04,C-GCUL,FA7X,L3J
c07e32,C-GVUN,BCS3,L2J
39c421,F-HRBB,B789,L2J
4d0111,LX-VCH,B748,L4J
491d87,CS-GLG,GLEX,L2J
a8c796,N665JB,A320,L2J
c04b54,C-GCNR,CL60,L2J
aa39fd,N758YX,E75L,No
a77b6f,N581UP,B744,L4J
a98f6a,N715JB,A320,L2J
ab942f,N845UA,A319,L2J
c01732,C-FIUJ,B77L,L2J
c00318,C-FBEL,CL60,L2J
aae597,N801AC,B788,L2J
aa580e,N766CK,B744,L4J
3c66c1,D-AIVA,A359,L2J
c02ee7,C-FRTU,B789,L2J
4bb142,TC-LJB,B77W,L2J
76cdad,9V-SMM,A359,L2J
c012bd,C-FHCM,B38M,L2J
3965b2,F-GZNS,B77W,L2J
406d77,G-ZBKA,B789,L2J
c03af2,C-FWIJ,B738,L2J
c01725,C-FITW,B77W,L2J
c0003e,C-FACJ,B752,L2J
896472,A6-EUH,A388,L4J
c055b0,C-GGLR,CL60,L2J
40688c,G-XLEB,A388,L4J
c04cf4,C-GDDR,B38M,L2J
0c20ac,HP-1842CMP,B738,L2J
4ca5c6,EI-DUO,A332,L2J
ac7a5b,N903AK,B39M,L2J
c01929,C-FJNS,CL60,L2J
c04687,C-GASK,E545,No
407c8a,G-DHLY,B77L,L2J
a29980,N267FE,B763,L2J
a1d99b,N2180J,A21N,L2J
a6d234,N539DN,A21N,L2J
c018c8,C-FJJZ,CRJ9,L2J
c05efc,C-GJZF,DH8D,L2T
c04511,C-GAEA,C310,L2P
a449a3,N37562,B39M,L2J
c06aa4,C-GOJZ,CRJ9,L2J
c010ec,C-FGKP,A321,L2J
c0744d,C-GSBC,F2TH,L2J
a57362,N450PA,B744,L4J
c084a3,C-GYFY,A321,L2J
c0193b,C-FJOK,A321,L2J
a898a9,N653JB,A320,L2J
c02945,C-FPQI,DH8D,L2T
a68336,N519DN,A359,L2J
a6f5fc,N548DN,A21N,L2J
c00ae5,C-FEDG,CL35,L2J
04004c,ET-AOV,B788,L2J
a0017f,N1RF,GA5C,No
c06049,C-GKMA,DA40,L1P
495306,CS-TXF,A21N,L2J
440060,OE-LAE,B763,L2J
a36e56,N320AF,PC12,L1T
c0501e,C-GEIV,B38M,L2J
44001e,OE-LAY,B763,L2J
c08560,C-GYNF,A139,No
c06080,C-GKOD,A320,L2J
c02e94,C-FRQP,E75S,No
c080a3,C-GWSO,B737,L2J
49118a,CS-DLJ,F2TH,L2J
a085cb,N1326B,B350,L2T
c057a8,C-GHFB,C172,L1P
4ac8a8,SE-REH,A333,L2J
c07eef,C-GWBU,B738,L2J
c059de,C-GIAV,GLEX,L2J
71c043,HL8043,B77L,L2J
4952a7,CS-TUG,A339,L2J
3c6518,D-AIHX,A346,L4J
c000aa,C-FAGN,CL35,L2J
8963eb,A6-EON,A388,L4J
4c0221,YU-ARB,A332,L2J
a35c97,N3156J,BCS3,L2J
c00306,C-FBDT,PC12,L1T
a9e927,N738E,CL30,L2J
c05f0c,C-GJZV,CRJ9,L2J
8004df,VT-ALQ,B77W,L2J
c08851,C-GZQE,E295,No
aa52a0,N764YX,E75L,No
c06645,C-GMSY,LJ45,L2J
a042d2,N116DK,E55P,L2J
adc98b,N988H,FA8X,No
c051e4,C-GFAH,A333,L2J
c07b05,C-GUPG,BCS3,L2J
ac25c4,N882FD,B77L,L2J
3c64ec,D-AIGL,A343,L4J
a4835c,N390FX,E55P,L2J
a895eb,N652UA,B763,L2J
ae146d,07-7175,C17,L4J
aa0938,N746E,CL30,L2J
c07b59,C-GUSM,LJ45,L2J
3c4b2a,D-ABYJ,B748,L4J
a15b05,N187DN,B763,L2J
c02e91,C-FRQM,E75S,No
4bb147,TC-LJG,B77W,L2J
484560,PH-BVC,B77W,L2J
3c4ad8,D-ABVX,B744,L4J
39c427,F-HRBH,B789,L2J
c03d1a,C-FXDP,WW24,No
a8d3b4,N668UA,B763,L2J
ae1177,02-1105,C17,L4J
aa4ee9,N763YX,E75L,No
a31961,N29907,B788,L2J
aa7c64,N775JB,A320,L2J
3c7a4a,D-ANRJ,A339,L2J
c023aa,C-FNND,B77L,L2J
4ba9e2,TC-JOB,A333,L2J
3c66c2,D-AIVB,A359,L2J
4bb188,TC-LLH,B789,L2J
4b187d,HB-JHD,A333,L2J
89644c,A6-EPW,B77W,L2J
485342,PH-BHH,B789,L2J
8962e6,A6-ETH,B77W,L2J
c0475f,C-GBAS,E545,No
ace5bd,N930AV,A20N,L2J
c0506b,C-GELU,B38M,L2J
c088fb,C-GZWS,B738,L2J
3c6705,D-AIXE,A359,L2J
c03517,C-FUCS,B738,L2J
c030bb,C-FSLU,B38M,L2J
c04ae8,C-GCJN,B763,L2J
c011a2,C-FGRP,DH8A,L2T
a48e1f,N393BZ,GLEX,L2J
a02c40,N110AN,A321,L2J
34718e,EC-NRH,A332,L2J
ad57a2,N959RW,GA6C,No
a1025a,N164UP,A306,L2J
a8eb16,N674FE,A306,L2J
ac297b,N883FD,B77L,L2J
a35b34,N315UP,B763,L2J
c059d2,C-GIAJ,B752,L2J
a63beb,N500WG,C56X,L2J
c0482a,C-GBIN,A319,L2J
c01d16,C-FLAJ,B752,L2J
a68d02,N521DT,A21N,L2J
ad72f1,N966FD,B752,L2J
c05ccc,C-GJDR,GLEX,L2J
a48e81,N393FX,E55P,L2J
c01e90,C-FLOX,E50P,L2J
c05ccf,C-GJDU,CL35,L2J
c0123d,C-FGXO,BE9L,L2T
c0248a,C-FNVT,CL60,L2J
4d23bc,9H-ORN,B38M,L2J
c0534e,C-GFOF,B38M,L2J
c01e10,C-FLJZ,CRJ9,L2J
c05b6b,C-GIQC,PA27,L2P
a4671f,N383HA,A332,L2J
c08463,C-GYDM,C421,L2P
c0644e,C-GLZP,C150,L1P
ad0eea,N940U,AC80,No
c01006,C-FGBT,C150,L1P
c0123a,C-FGXL,BE9L,L2T
c06500,C-GMGL,M20P,L1P
c04e94,C-GDTR,GLEX,L2J
c06515,C-GMHG,LJ75,No
c00933,C-FDMO,BE76,L2P
c03318,C-FTJB,CL60,L2J
c00381,C-FBIM,B732,L2J
aa7f06,N77576,B39M,L2J
c0771e,C-GTCV,B06,H1T
ae013a,59-1488,K35R,L4J
c00432,C-FBPH,P28A,L1P
ab120b,N812NW,A333,L2J
c006db,C-FCPM,C208,L1T
c02913,C-FPOK,DHC6,L2T
4ba869,TC-JCI,A332,L2J
c0168b,C-FINY,RV7,No
a316ef,N299AF,PC24,No
4bb1a2,TC-LMB,B789,L2J
48ae06,SP-LRG,B788,L2J
4bb152,TC-LJR,B77L,L2J
c06403,C-GLWS,B38M,L2J
4b18fe,HB-JMC,A343,L4J
3c4b29,D-ABYI,B748,L4J
c02ff6,C-FSEF,C25B,L2J
49530c,CS-TXL,A21N,L2J
485b45,PH-BKF,B78X,L2J
440020,OE-LPB,B772,L2J
c05044,C-GEKH,B38M,L2J
4076e8,G-XWBA,A35K,L2J
c062e1,C-GLLO,TBM9,No
aaee43,N803NW,A333,L2J
ab1d30,N815NW,A333,L2J
c05004,C-GEHV,B38M,L2J
458c68,OY-CCH,CL60,L2J
ab099a,N810CM,A333,L2J
a44982,N37554,B39M,L2J
c0173e,C-FIUV,B77W,L2J
c05e91,C-GJVC,SW4,L2P
39cf13,F-HTYT,A359,L2J
c038c8,C-FVNB,B789,L2J
c044bb,C-GAAS,C25B,L2J
3c7a48,D-ANRH,A339,L2J
3c66c4,D-AIVD,A359,L2J
406d79,G-ZBKC,B789,L2J
c058c2,C-GHPX,B788,L2J
4ba952,TC-JJR,B77W,L2J
ab3d6f,N823QS,C700,No
3949f7,F-GSPX,B772,L2J
406f7a,G-ZBKN,B789,L2J
c07f02,C-GWCN,B737,L2J
a2a300,N26910,B788,L2J
c02494,C-FNWD,B38M,L2J
c04ae6,C-GCJL,A320,L2J
c00741,C-FCTK,B38M,L2J
4d207e,9H-VJC,GLEX,L2J
a84ab1,N633UP,B748,L4J
a80e46,N618UP,B748,L4J
a09ab9,N138UP,A306,L2J
a8c74e,N665FE,A306,L2J
c04af3,C-GCJY,B752,L2J
a1d368,N2169J,A21N,L2J
c00a37,C-FDWO,DH8A,L2T
c01002,C-FGBP,CL35,L2J
a6981a,N524DE,A21N,L2J
a2d600,N282GA,G260,No
aadd35,N8AK,GL7T,No
39ca8f,F-HSUP,FA6X,No
c05337,C-GFNI,C82T,No
4d20d8,9H-VJK,GLEX,L2J
c07d67,C-GVMS,C77R,No
c08265,C-GXJW,BE58,L2P
a0f46f,N1603,B763,L2J
c08670,C-GYXR,RV9,No
c05d56,C-GJIZ,CRJ9,L2J
c07cf9,C-GVIM,LJ75,No
c06219,C-GLDW,PA22,No
a3c940,N343JE,CL35,L2J
a21b74,N235DX,GL7T,No
c026fd,C-FOTW,C208,L1T
c01a52,C-FJZD,CRJ9,L2J
40787b,G-TUIO,B789,L2J
3c64f9,D-AIGY,A343,L4J
c05c2a,C-GIXL,DA40,L1P
c080a4,C-GWSP,B737,L2J
c05d98,C-GJLN,CL60,L2J
4d2373,9H-TQY,A343,L4J
c03084,C-FSJR,E550,No
c00f37,C-FFTU,P28R,L1P
ab6c08,N835MH,B764,L2J
c02da2,C-FRHH,C208,L1T
ab772d,N838MH,B764,L2J
ab9387,N845MH,B764,L2J
a6e767,N544GJ,CRJ7,L2J
c0855e,C-GYND,R44,H1P
c04768,C-GBBB,CL60,L2J
478d42,LN-RKR,A333,L2J
c06e9b,C-GPXA,T206,No
399c15,F-HHAV,A359,L2J
a06f8a,N127UW,A320,L2J
c06450,C-GLZR,PA27,L2P
c080ac,C-GWSX,B738,L2J
c074aa,C-GSER,PA24,No
840df8,JA03WJ,A35K,L2J
c08567,C-GYNM,A139,No
44a88c,OO-JDL,B788,L2J
a44963,N37548,B39M,L2J
c03bf7,C-FWSK,B737,L2J
c04840,C-GBJJ,PA44,L2P
4b187e,HB-JHE,A333,L2J
4b1901,HB-JMF,A343,L4J
c055eb,C-GGNY,DH8D,L2T
c05218,C-GFCH,A320,L2J
a5124c,N426DZ,A339,L2J
c072de,C-GRMZ,CL60,L2J
39d2a0,F-HUVA,A359,L2J
c03244,C-FTAX,AJET,L2J
c0582b,C-GHKC,A333,L2J
c0301a,C-FSFP,C25B,L2J
a061d9,N12345,DRON,No
c04f80,C-GECT,PC12,L1T
485b44,PH-BKD,B78X,L2J
8963a2,A6-EFO,B77L,L2J
c04fc9,C-GEFO,P28R,L1P
c04caa,C-GDAV,PELI,No
a8e8a0,N673UA,B763,L2J
4bb187,TC-LLG,B789,L2J
495304,CS-TXD,A21N,L2J
3c656d,D-AIKM,A333,L2J
407af4,G-XWBK,A35K,L2J
3c4b31,D-ABYQ,B748,L4J
3c4a8c,D-ABTL,B744,L4J
485788,PH-BHP,B789,L2J
ab1979,N814NW,A333,L2J
495309,CS-TXI,A21N,L2J
c06a8d,C-GOJC,A21N,L2J
c07ee8,C-GWBN,B737,L2J
c07676,C-GSWJ,B737,L2J
3c6709,D-AIXI,A359,L2J
ae1465,06-6167,C17,L4J
4ba947,TC-JJG,B77W,L2J
a36a10,N319UP,B763,L2J
c073f4,C-GRXR,PC12,L1T
c0054d,C-FCAE,B763,L2J
495266,CS-TSF,A21N,L2J
4bb18e,TC-LLN,B789,L2J
a826e9,N624UP,B748,L4J
a6dfaa,N542DE,A21N,L2J
c0405a,C-FYJP,A319,L2J
a06815,N125UP,A306,L2J
a1ce99,N2151J,A21N,L2J
a65bbc,N509DT,A21N,L2J
c01e13,C-FLKC,B38M,L2J
a46fad,N385UP,B763,L2J
c03d0f,C-FXDE,BE10,L2T
c01fba,C-FMAJ,B763,L2J
c00b70,C-FEIP,P32T,No
c00fab,C-FFYG,E75S,No
a9b275,N724AN,B77W,L2J
a9a399,N720AN,B77W,L2J
c053c8,C-GFSX,C25B,L2J
c06738,C-GNCH,B738,L2J
a641fd,N502GJ,CRJ7,L2J
aa8a83,N779AN,B772,L2J
c04dd0,C-GDMD,C421,L2P
acb5e6,N918RM,S22T,No
3c4583,D-AALC,B77L,L2J
491d88,CS-GLH,GLEX,L2J
ab80f4,N840MH,B764,L2J
c080a6,C-GWSR,B738,L2J
ab5365,N829MH,B764,L2J
a5df18,N478CV,SF50,No
3949e3,F-GSPD,B772,L2J
8963e5,A6-EOH,A388,L4J
c03001,C-FSEQ,B38M,L2J
3c64f4,D-AIGT,A343,L4J
a70b2f,N553GJ,CRJ7,L2J
c069c9,C-GOBO,P28A,L1P
a98539,N712TW,B752,L2J
c07534,C-GSJZ,DH8D,L2T
3c7a54,D-ANRT,A339,L2J
ae038b,62-3543,K35R,L4J
406891,G-ZBJD,B788,L2J
c071a4,C-GRAX,B38M,L2J
c07998,C-GUBF,A332,L2J
344305,EC-LUK,A333,L2J
c058c0,C-GHPV,B788,L2J
c07e59,C-GVWA,B738,L2J
a414e8,N362NB,A319,L2J
484369,PH-BQB,B772,L2J
780a1d,B-LJE,B748,L4J
c01cae,C-FKWJ,B738,L2J
0c2084,HP-1828CMP,B738,L2J
405bfc,G-YMMS,B772,L2J
a18dd3,N2FE,GLEX,L2J
40797c,G-ZBLE,B78X,L2J
71be32,HL7632,B748,L4J
344345,EC-LXK,A333,L2J
868034,JA737J,B77W,L2J
a9b9e3,N726AN,B77W,L2J
c04b8e,C-GCPX,SW4,L2P
3c68cb,D-AJFK,A333,L2J
a98edc,N715CK,B744,L4J
a81f7b,N622UP,B748,L4J
896186,A6-EEG,A388,L4J
c02dcf,C-FRJA,CRJ9,L2J
c05212,C-GFCB,CL60,L2J
c01f1e,C-FLUJ,B38M,L2J
c0248c,C-FNVV,A320,L2J
3c0e3d,D-AUKE,CL60,L2J
c01206,C-FGVL,C182,L1P
c006d9,C-FCPK,P46T,L1T
a66ce0,N513DA,A21N,L2J
4067a3,G-DHLJ,B763,L2J
3c6573,D-AIKS,A333,L2J
a18ada,N199NV,A320,L2J
a759eb,N573DT,A21N,L2J
c01867,C-FJGG,LJ60,L2J
c03f81,C-FYBG,PC12,L1T
a5047c,N422QS,E55P,L2J
a70778,N552GJ,CRJ7,L2J
c041bc,C-FYXF,A321,L2J
c001ea,C-FASV,E545,No
c08588,C-GYOT,C310,L2P
c03dac,C-FXJF,E75S,No
4bb185,TC-LLE,B789,L2J
c07ee6,C-GWBL,B738,L2J
ab048d,N809NW,A333,L2J
c07d87,C-GVNY,AJET,L2J
c0792f,C-GTXE,LJ35,L2J
a6cacb,N537DT,A21N,L2J
c0871c,C-GZEH,AJET,L2J
c08605,C-GYTO,AJET,L2J
c04222,C-FZBD,DA40,L1P
3949e6,F-GSPG,B772,L2J
a6583b,N508FX,CL35,L2J
c073e4,C-GRXB,PC12,L1T
c0360e,C-FUMF,B738,L2J
440652,OE-ISN,GLF5,L2J
a694b2,N523GJ,CRJ7,L2J
495302,CS-TXB,A21N,L2J
c07ef2,C-GWBX,B737,L2J
c01e5b,C-FLMW,G280,L2J
4078dd,G-XWBF,A35K,L2J
c05ebb,C-GJWS,B738,L2J
a0f735,N161UP,A306,L2J
a80556,N616DC,GLEX,L2J
a4eb4e,N416KC,F900,L3J
a8afec,N659UA,B763,L2J
aa5657,N765YX,E75L,No
4952a2,CS-TUB,A339,L2J
c06817,C-GNKW,TBM9,No
3c7a4d,D-ANRM,A339,L2J
c010a8,C-FGHZ,B789,L2J
495267,CS-TSG,A21N,L2J
869210,JA787A,B77W,L2J
aa9321,N78017,B772,L2J
c06cda,C-GPFT,B38M,L2J
49530b,CS-TXK,A21N,L2J
405bfd,G-YMMT,B772,L2J
06a080,A7-BFB,B77L,L2J
406560,G-SVNX,FA7X,L3J
868012,JA736J,B77W,L2J
4d0117,LX-VCM,B748,L4J
a6f9b3,N549DN,A21N,L2J
71c285,HL8285,B77L,L2J
aac337,N793AN,B772,L2J
acae64,N916QS,C68A,No
c03e54,C-FXPR,DA42,L2P
345318,EC-MOU,A332,L2J
4d20d6,9H-VJJ,GLEX,L2J
a9ab07,N722AN,B77W,L2J
c07fb0,C-GWJF,B737,L2J
abb007,N852NW,A332,L2J
c06b6a,C-GORP,B38M,L2J
c0614d,C-GKWA,B738,L2J
40688b,G-XLEA,A388,L4J
c013db,C-FHNM,B738,L2J
c05bd1,C-GIUA,M20P,L1P
c05bd2,C-GIUB,A321,L2J
c051e6,C-GFAJ,A333,L2J
c01728,C-FITZ,S22T,No
a46864,N383WA,PA46,L1P
c0105d,C-FGFC,M600,L1T
c02fd8,C-FSDB,B38M,L2J
a9ccab,N730SR,SF50,No
a92ea8,N691CJ,C25B,L2J
3c4591,D-AALQ,B77L,L2J
c07937,C-GTXM,LJ35,L2J
3c64f3,D-AIGS,A343,L4J
4ca87d,EI-EJH,A332,L2J
c045a7,C-GAJU,B752,L2J
780233,B-LJC,B748,L4J
c043cb,C-FZRM,B738,L2J
a97282,N708CK,B744,L4J
a7522e,N571AP,C560,L2J
896363,A6-RRJ,A319,L2J
a75634,N572DT,A21N,L2J
c002ea,C-FBCR,CL60,L2J
a9a7c4,N721FD,A306,L2J
a0d724,N153UP,A306,L2J
ac1846,N879FD,B77L,L2J
a7650b,N576DN,A21N,L2J
c01ef8,C-FLSX,DH8A,L2T
a94b6b,N69840,B739,L2J
a6833b,N519DT,A21N,L2J
c0051b,C-FBYG,BE20,L2T
c04b69,C-GCOM,P180,L2T
c001e5,C-FASQ,E545,No
c05c86,C-GJAZ,CRJ9,L2J
ab5d4a,N831NN,B738,L2J
c02683,C-FOPE,PC12,L1T
c01ace,C-FKDX,C550,L2J
484f72,PH-AKB,A333,L2J
a4df56,N413AS,B739,L2J
39c429,F-HRBJ,B789,L2J
ac7127,N900WG,F900,L3J
aa305f,N756AM,B772,L2J
c03ba4,C-FWPF,GL7T,No
c05f9c,C-GKFJ,CL60,L2J
c035bb,C-FUJA,E75S,No
c00964,C-FDOL,CL30,L2J
71be37,HL7637,B748,L4J
39cf00,F-HTYA,A359,L2J
c08536,C-GYLP,B38M,L2J
4d208a,9H-VJF,GLEX,L2J
89639f,A6-EOF,A388,L4J
440393,OE-LTF,GLF6,No
a62665,N496AC,FA7X,L3J
a449a8,N37567,B39M,L2J
ad0f15,N940VT,TBM9,No
ab4126,N824QS,C700,No
a34199,N309JR,E75L,No
c0707b,C-GQPM,LJ45,L2J
406d7a,G-ZBKD,B789,L2J
c0206a,C-FMHD,B350,L2T
aa2bc5,N75436,B739,L2J
a96b14,N706CK,B744,L4J
c053d6,C-GFTL,CL60,L2J
a1f77c,N226BZ,BCS3,L2J
a35109,N3123J,BCS3,L2J
484fd4,PH-PKX,C750,L2J
a9b62c,N725AN,B77W,L2J
a5d4c3,N475MC,B744,L4J
3c4ad9,D-ABVY,B744,L4J
a67f81,N518DQ,A21N,L2J
aa3646,N757YX,E75L,No
34520e,EC-MMG,A332,L2J
39cf08,F-HTYI,A359,L2J
a8299a,N625JB,A320,L2J
c04852,C-GBKB,CL60,L2J
a5399a,N436C,F2TH,L2J
c063eb,C-GLVU,B38M,L2J
aa6b7e,N77006,B772,L2J
a67805,N516DA,A21N,L2J
a7fda0,N614AF,CL60,L2J
aa2184,N752AN,B772,L2J
c06c5b,C-GPAW,C56X,L2J
aa328f,N756YX,E75L,No
a777b8,N580UP,B744,L4J
405f32,G-DHLE,B763,L2J
406a9d,G-ZBJF,B788,L2J
aceacf,N931QS,C68A,No
a45586,N379DA,B738,L2J
406a05,G-XLEF,A388,L4J
3c670b,D-AIXK,A359,L2J
4007f7,G-YMML,B772,L2J
4952a4,CS-TUD,A339,L2J
346057,EC-MYX,A359,L2J
c07909,C-GTVS,B738,L2J
71be42,HL7642,B748,L4J
867fce,JA734J,B77W,L2J
06a140,A7-BFG,B77L,L2J
a5b760,N468AN,A21N,L2J
c0202d,C-FMEU,B752,L2J
a0e249,N156UP,A306,L2J
ae0499,58-0010,K35R,L4J
a75b5e,N573UP,B744,L4J
c0481d,C-GBIA,A319,L2J
a8320e,N627UP,B748,L4J
acfc74,N936FD,B752,L2J
a6893e,N520DE,A21N,L2J
ab2752,N818CM,E55P,L2J
c0561e,C-GGPX,BE20,L2T
c078e2,C-GTUF,CL35,L2J
c02031,C-FMEY,S22T,No
a39f58,N332XP,-,No
0c2082,HP-1826CMP,B738,L2J
71c226,HL8226,B77L,L2J
33ffe5,MM62191,C30J,L4T
c066f1,C-GMZO,M20P,L1P
c08177,C-GXAS,E545,No
c06908,C-GNUD,BE36,L1P
a954da,N700DA,MU2,L2T
c0004c,C-FACX,C182,L1P
c00451,C-FBQM,CL60,L2J
c01e1a,C-FLKJ,B38M,L2J
3c4b28,D-ABYH,B748,L4J
c06921,C-GNVC,CRJ2,L2J
c06db5,C-GPOE,DH8D,L2T
c001e6,C-FASR,C25A,L2J
4067f6,G-TUIB,B788,L2J
c0301d,C-FSFS,C25B,L2J
c01999,C-FJSA,PA44,L2P
c071c3,C-GRCC,C56X,L2J
c00b71,C-FEIQ,E75S,No
c0767d,C-GSWQ,LJ45,L2J
a70ee6,N554GJ,CRJ7,L2J
c080e0,C-GWUX,B738,L2J
a03bd3,N114HW,B350,L2T
c02655,C-FONK,B738,L2J
c0103a,C-FGDT,B789,L2J
3949f4,F-GSPU,B772,L2J
aadfa3,N80BF,C172,L1P
c00734,C-FCSX,B738,L2J
c08335,C-GXRW,B738,L2J
c04685,C-GASI,BE10,L2T
c03140,C-FSQX,C25B,L2J
acc707,N922QS,C68A,No
c06612,C-GMQZ,PC12,L1T
abde34,N864FD,B77L,L2J
c040a6,C-FYMN,PC12,L1T
a8b4cc,N660FX,GLF6,No
484f71,PH-AKA,A333,L2J
c06081,C-GKOE,A320,L2J
4065de,G-STBF,B77W,L2J
a1574e,N186DN,B763,L2J
c0226c,C-FNAX,B38M,L2J
40641d,G-VLUV,A333,L2J
c03c44,C-FWVJ,B738,L2J
c01759,C-FIVW,B77W,L2J
ae117b,02-1109,C17,L4J
a9f67d,N741CK,B744,L4J
3c66c3,D-AIVC,A359,L2J
c07a0c,C-GUFR,A332,L2J
3c4592,D-AALR,B77L,L2J
76cdba,9V-SMZ,A359,L2J
a3aa32,N335UP,B763,L2J
c086ee,C-GZCN,B733,L2J
c01fb9,C-FMAI,B752,L2J
a12622,N173UP,A306,L2J
a903b9,N680FE,A306,L2J
a3f579,N354UP,B763,L2J
c004e9,C-FBWI,B738,L2J
c02552,C-FODL,DH8A,L2T
a76683,N576UP,B744,L4J
accd87,N924FD,B752,L2J
c03d67,C-FXGO,CL30,L2J
c08830,C-GZOX,FA20,L2J
a406cf,N359FX,E55P,L2J
c05ca2,C-GJCB,GL5T,L2J
c05aac,C-GIIT,GLEX,L2J
a9cb18,N730AN,B77W,L2J
abb5ec,N85379,E75L,No
394a09,F-GSQJ,B77W,L2J
c0648b,C-GMBY,CL60,L2J
a38641,N326SY,E75L,No
3c4b32,D-ABYR,B748,L4J
aaea8c,N802NW,A333,L2J
c06dac,C-GPNV,DH8D,L2T
c04362,C-FZNL,RV10,No
c07782,C-GTGR,C421,L2P
800582,VT-ALS,B77W,L2J
a9c151,N728AN,B77W,L2J
c064d7,C-GMEW,SW4,L2P
c07718,C-GTCP,B06,H1T
c043b7,C-FZQS,A320,L2J
c00d51,C-FFBC,B38M,L2J
c04fff,C-GEHQ,B38M,L2J
c03e07,C-FXMS,B738,L2J
c05751,C-GHBS,CL60,L2J
c04067,C-FYKC,A319,L2J
a96c96,N706TW,B752,L2J
a6bbef,N533DT,A21N,L2J
4ba9fa,TC-JOZ,A332,L2J
ab4f78,N828KD,GA5C,No
c0475c,C-GBAP,PC12,L1T
39c420,F-HRBA,B789,L2J
c04053,C-FYJI,A319,L2J
c00b7e,C-FEJD,E75S,No
a1f557,N225UA,B772,L2J
abbb2c,N855NW,A332,L2J
c03ab6,C-FWGB,LJ40,L2J
3c0f31,D-AUTO,GA6C,No
c0841b,C-GYAS,DA40,L1P
3c6714,D-AIXT,A359,L2J
c059df,C-GIAW,WW24,No
c08602,C-GYTL,SW4,L2P
c03488,C-FTXF,B38M,L2J
400773,G-VIIV,B772,L2J
c04937,C-GBSW,ASTR,L2J
c08106,C-GWWJ,B738,L2J
484cbb,PH-BVG,B77W,L2J
c006d2,C-FCPD,B763,L2J
c012be,C-FHCN,B737,L2J
3461cb,EC-NCX,A359,L2J
740823,JY-BAC,B788,L2J
c0211f,C-FMOC,B752,L2J
a09702,N137UP,A306,L2J
a9c1c5,N728FD,A306,L2J
ac1e56,N880FD,B77L,L2J
a65454,N507DZ,A21N,L2J
740828,JY-BAH,B788,L2J
8963ea,A6-EOM,A388,L4J
c01d1f,C-FLAS,E545,No
c04d98,C-GDJZ,CRJ9,L2J
a941d9,N696JS,GL7T,No
c01a9d,C-FKCA,C208,L1T
c01ffd,C-FMCY,CL35,L2J
c00a85,C-FDZO,P28R,L1P
c0755a,C-GSLL,CRJ2,L2J
c063c3,C-GLUG,S22T,No
a5e31c,N479FX,GLF4,L2J
a7ccce,N601UX,E75L,No
c0784c,C-GTOL,R44,H1P
a5fefa,N486AY,B733,L2J
c00506,C-FBXL,C56X,L2J
484f73,PH-AKD,A333,L2J
c08566,C-GYNL,A139,No
4d23b7,9H-VIK,GL7T,No
01012a,SU-GDL,B77W,L2J
4ca9df,EI-EJL,A332,L2J
c0616e,C-GKXH,E295,No
a3ec8f,N352DJ,GLF4,L2J
c04ed6,C-GDWF,CL60,L2J
3c64c4,D-AIFD,A343,L4J
c0565b,C-GGSG,T206,No
c007ed,C-FDAA,BE58,L2P
a6eb1e,N545GJ,CRJ7,L2J
a02a4f,N11ES,S22T,No
8406d0,JA01WJ,A35K,L2J
c056c6,C-GGWJ,B737,L2J
c06751,C-GNDG,B738,L2J
43c6fb,ZZ338,A332,L2J
a773b3,N58BL,H25B,L2J
c03413,C-FTSS,ERCO,No
c05edb,C-GJXY,BCS3,L2J
3c7a4b,D-ANRK,A339,L2J
aa5dc5,N767YX,E75L,No
a8f3c5,N676UA,B763,L2J
3c670e,D-AIXN,A359,L2J
7c8201,VH-ZYR,PA46,L1P
a35cba,N3157J,BCS3,L2J
4d2335,9H-CCH,CL60,L2J
c07da5,C-GVPC,P28U,No
39cf0a,F-HTYK,A359,L2J
c00da8,C-FFEL,B38M,L2J
c06ce4,C-GPGD,CL60,L2J
485344,PH-BHL,B789,L2J
c0843a,C-GYBX,PC12,L1T
7805aa,B-2075,B77L,L2J
a50c4b,N424UP,B752,L2J
c02eb9,C-FRSA,B789,L2J
c07e17,C-GVTM,GLF4,L2J
406a9f,G-ZBJH,B788,L2J
76cdb3,9V-SMS,A359,L2J
4007f6,G-YMMK,B772,L2J
4851f5,PH-BVR,B77W,L2J
4078de,G-ZBLB,B78X,L2J
c0025a,C-FAXD,B38M,L2J
c027da,C-FPCJ,B763,L2J
868340,JA743J,B77W,L2J
a967eb,N705JB,A320,L2J
a0a480,N140UP,A306,L2J
a6d83c,N540DE,A21N,L2J
abed10,N868FD,B77L,L2J
a690de,N522FE,MD11,L3J
c07190,C-GRAD,DA42,L2P
ac30e9,N885FD,B77L,L2J
a8259b,N624FE,MD11,L3J
a46368,N382HA,A332,L2J
c08860,C-GZQT,SR22,L1P
c0869a,C-GYZH,C182,L1P
a8f77c,N677UA,B763,L2J
ac1f73,N880SP,G280,L2J
a84a0d,N633N,CL35,L2J
3c64c3,D-AIFC,A343,L4J
c00fb8,C-FFYT,B505,No
71c011,HL8011,B77W,L2J
aa9093,N780AN,B772,L2J
c04488,C-FZYT,P28T,L1P
39cf01,F-HTYB,A359,L2J
c086ae,C-GZAB,P28R,L1P
43ea3a,M-ARIE,H25B,L2J
4067a4,G-DHLK,B763,L2J
c03068,C-FSIP,B38M,L2J
a8886d,N649UA,B763,L2J
aac4ed,N793UA,B772,L2J
a0817f,N13113,B752,L2J
484415,PH-BQL,B772,L2J
c04ff4,C-GEHF,B38M,L2J
c06a39,C-GOFW,A333,L2J
c05e2d,C-GJRG,PC12,L1T
c080a5,C-GWSQ,B737,L2J
3c4587,D-AALG,B77L,L2J
c00e8c,C-FFNF,B734,L2J
8682da,JA740J,B77W,L2J
0d085d,XA-AMR,B788,L2J
a82332,N623UP,B748,L4J
a97639,N709CK,B744,L4J
a79838,N589K,GLF5,L2J
a7f7fc,N612UP,B748,L4J
89639e,A6-EOE,A388,L4J
a9704d,N707TW,B752,L2J
c052c2,C-GFIV,BT36,No
0c205b,HP-1716CMP,B738,L2J
ae0143,58-0035,K35R,L4J
a81f83,N622UX,E75L,No
c0071c,C-FCRZ,AT72,L2T
c016be,C-FIPX,GLEX,L2J
4850e6,PH-AKF,A333,L2J
a308dc,N295JG,GLF4,L2J
01012b,SU-GDM,B77W,L2J
a6b4c3,N531GJ,CRJ7,L2J
3c64f5,D-AIGU,A343,L4J
c03210,C-FSYX,E545,No
840a64,JA02WJ,A35K,L2J
39cf0c,F-HTYM,A359,L2J
c05b8e,C-GIRL,C525,L2J
c0101c,C-FGCP,DH8A,L2T
a6e361,N543DE,A21N,L2J
a8bff1,N663FX,GLF6,No
c0315a,C-FSRX,E550,No
c040e8,C-FYPB,B738,L2J
c04cb8,C-GDBJ,PC12,L1T
c00b7d,C-FEJC,E75S,No
485785,PH-BHN,B789,L2J
3949ee,F-GSPO,B772,L2J
4caa9b,EI-EJP,A332,L2J
a68d44,N521GJ,CRJ7,L2J
a99d89,N719AN,B77W,L2J
495307,CS-TXG,A21N,L2J
a5dee3,N478AS,B739,L2J
a6a6f6,N528DE,A21N,L2J
344502,EC-LZX,A333,L2J
a129d9,N174UP,A306,L2J
406590,G-STBD,B77W,L2J
aa4b32,N762YX,E75L,No
a4943e,N39415,B739,L2J
c07f5a,C-GWFX,GLEX,L2J
4bb14b,TC-LJK,B77W,L2J
06a141,A7-BFH,B77L,L2J
a2a2e6,N26909,B788,L2J
c066b0,C-GMXB,B38M,L2J
c049fd,C-GCAM,B38M,L2J
48455e,PH-BVA,B77W,L2J
867f8a,JA732J,B77W,L2J
c02de8,C-FRJZ,ASTR,L2J
a7d2e6,N603FE,MD11,L3J
a23c6c,N243PC,C700,No
c071c9,C-GRCI,CL60,L2J
424bcc,M-SFPL,GLEX,L2J
ad9750,N975ME,-,No
c027b2,C-FPAV,SR22,L1P
3c70c9,D-ALFI,B77L,L2J
c04ad1,C-GCIQ,B429,No
a7c6c6,N60VE,GA6C,No
4bb150,TC-LJP,B77L,L2J
440229,OE-IRP,GLEX,L2J
a6f28c,N547GJ,CRJ7,L2J
c05bcb,C-GITU,A321,L2J
3c4596,D-AALV,B77L,L2J
3c5824,D-AFAD,CL60,L2J
c03bf2,C-FWSF,B737,L2J
c05cf5,C-GJFG,GALX,L2J
8960fb,A6-EDZ,A388,L4J
c0637e,C-GLRP,LJ40,L2J
aabc11,N791DK,E170,L2J
89649f,A6-EQG,B77W,L2J
c01c28,C-FKRF,B738,L2J
a0a900,N14115,B752,L2J
aa59a5,N766US,A319,L2J
a8fc72,N67845,B739,L2J
aad213,N797AN,B772,L2J
a05297,N12NT,LNP4,No
a49510,N39475,B739,L2J
c00adc,C-FECX,C185,No
c049b2,C-GBXP,C172,L1P
a4a482,N399CZ,BE99,L2T
c01079,C-FGGE,B350,L2T
c00586,C-FCCJ,B763,L2J
aaa593,N78509,B738,L2J
a6cb0d,N537GJ,CRJ7,L2J
c027dd,C-FPCM,PA27,L2P
30047d,I-MOFI,F2TH,L2J
a173a8,N193DN,B763,L2J
a654cb,N507JT,A320,L2J
aa01a2,N744CK,B744,L4J
4ba95a,TC-JJZ,B77W,L2J
407cd1,G-XWBL,A35K,L2J
a754b5,N57111,B752,L2J
c038ac,C-FVLZ,B789,L2J
394a13,F-GSQT,B77W,L2J
c072ca,C-GRMF,AA5,No
ab2c0c,N819NW,A333,L2J
406a35,G-STBJ,B77W,L2J
3949e9,F-GSPJ,B772,L2J
a67bc8,N517DN,A21N,L2J
a35854,N3142J,BCS3,L2J
3c4a04,D-ABPD,B789,L2J
48ae23,SP-LSD,B789,L2J
aa37ce,N758AN,B772,L2J
c07866,C-GTPL,F2TH,L2J
c05272,C-GFFT,LJ70,No
a449a4,N37563,B39M,L2J
4952a5,CS-TUE,A339,L2J
3c7a4f,D-ANRO,A339,L2J
a6e720,N544DN,A21N,L2J
aa6b9f,N77014,B772,L2J
ae042d,64-14834,K35R,L4J
aa5b92,N767AJ,B772,L2J
407798,G-XWBB,A35K,L2J
48ae22,SP-LSC,B789,L2J
48436c,PH-BQE,B772,L2J
ab15c2,N813NW,A333,L2J
ad3d84,N952QS,C68A,No
aabf80,N792AN,B772,L2J
485ecd,PH-BVV,B77W,L2J
405bfe,G-YMMU,B772,L2J
4d0110,LX-RCV,B744,L4J
a9d286,N732AN,B77W,L2J
c02067,C-FMHA,B752,L2J
a81bc4,N621UP,B748,L4J
aad981,N799AN,B772,L2J
a40455,N358UP,B763,L2J
800463,VT-ALN,B77W,L2J
a6b0bd,N530DE,A21N,L2J
a38a21,N327UP,B763,L2J
a80321,N615UP,B748,L4J
c06a11,C-GOEI,PC24,No
a5d6f9,N47569,B39M,L2J
c04463,C-FZXI,B38M,L2J
acd13e,N925FD,B752,L2J
a638b1,N50MG,C700,No
c015a7,C-FIFE,R44,H1P
8004e0,VT-ALR,B77W,L2J
a68981,N520FX,CL30,L2J
4d210b,9H-VJY,GLEX,L2J
aa6914,N770AN,B772,L2J
a3c566,N342GV,E55P,L2J
71ba04,HL7204,B77W,L2J
a6d88b,N540GJ,CRJ7,L2J
a5766a,N451GA,GLF4,L2J
c08098,C-GWSD,C172,L1P
c078bf,C-GTSW,B38M,L2J
aada4d,N799JS,C25B,L2J
040046,ET-AOP,B788,L2J
896194,A6-EEU,A388,L4J
a97251,N708AL,B39M,L2J
a77f26,N582UP,B744,L4J
4ac899,SE-RDY,GLF5,L2J
89644f,A6-EPZ,B77W,L2J
4d20f9,9H-VJQ,GLEX,L2J
3949ea,F-GSPK,B772,L2J
39ce6e,F-HTTO,GL5T,L2J
c07286,C-GRJP,ASTR,L2J
c05494,C-GGAT,R44,H1P
ab57f7,N83WB,CL60,L2J
a2bc12,N27546,B39M,L2J
a83108,N627JB,A320,L2J
c05bd5,C-GIUE,A321,L2J
a36825,N3189J,BCS3,L2J
a2998d,N267FT,CL35,L2J
39cf02,F-HTYC,A359,L2J
a6b833,N532DN,A21N,L2J
48ae21,SP-LSB,B789,L2J
3c656f,D-AIKO,A333,L2J
aa589c,N766JB,A320,L2J
c04c36,C-GCWJ,B737,L2J
c06620,C-GMRN,S22T,No
abf6d7,N870FD,B77L,L2J
8691cc,JA785A,B77W,L2J
ac5fd6,N897FD,B77L,L2J
3c7a46,D-ANRF,A339,L2J
a79422,N588FE,MD11,L3J
ac2d32,N884FD,B77L,L2J
405f33,G-DHLG,B763,L2J
c074ef,C-GSHI,C56X,L2J
48ae02,SP-LRC,B788,L2J
440b9b,OE-LAJ,A332,L2J
ad6755,N963AK,B39M,L2J
c006c2,C-FCON,E545,No
0c20a4,HP-1836CMP,B738,L2J
3c6708,D-AIXH,A359,L2J
4007f5,G-YMMJ,B772,L2J
3965a1,F-GZNB,B77W,L2J
3c64ee,D-AIGN,A343,L4J
868078,JA739J,B77W,L2J
406e11,G-VOWS,B789,L2J
ac096a,N875FD,B77L,L2J
49d39d,OK-JMD,GLF5,L2J
a10611,N165UP,A306,L2J
4075b4,G-VPOP,A35K,L2J
aa56b5,N76516,B738,L2J
c07f4f,C-GWFM,F900,L3J
846a5b,JA14KZ,B748,L4J
a96577,N704X,B752,L2J
89618b,A6-EEL,A388,L4J
ab15ba,N813NN,B738,L2J
acc619,N922FD,B752,L2J
ab4c4b,N827QS,C700,No
c07565,C-GSLW,C25B,L2J
c04a9d,C-GCGQ,B412,H2T
c058f7,C-GHRY,C25M,L2J
a95dba,N702TW,B752,L2J
c082c2,C-GXNL,DH8D,L2T
c02fe4,C-FSDN,C25B,L2J
800584,VT-ALU,B77W,L2J
c07440,C-GSAP,GLEX,L2J
c06a35,C-GOFS,PC12,L1T
3c4593,D-AALS,B77L,L2J
a0000d,N1AL,GLF6,No
06a081,A7-BFC,B77L,L2J
86951c,JA793A,B77W,L2J
c001eb,C-FASW,C25A,L2J
aba54a,N85D,GLEX,L2J
c03370,C-FTML,CL60,L2J
a69bcd,N525DA,A21N,L2J
896452,A6-EQC,B77W,L2J
4d0115,LX-ECV,B744,L4J
3c70c4,D-ALFD,B77L,L2J
a8a7cf,N657MA,TBM8,L1T
89618c,A6-EEM,A388,L4J
86e496,JA866J,B789,L2J
484cba,PH-BVF,B77W,L2J
c06ad6,C-GOLX,GL7T,No
c08268,C-GXJZ,DH8D,L2T
440081,OE-LPD,B772,L2J
39d2a8,F-HUVI,A359,L2J
aae59e,N801AK,B38M,L2J
4d23ab,9HVISTA,GL7T,No
400610,G-VIIJ,B772,L2J
a2ca64,N27908,B788,L2J
aae28f,N800HC,GLEX,L2J
a0ceb3,N151JE,GLF4,L2J
ac4d43,N892FD,B77L,L2J
4ba949,TC-JJI,B77W,L2J
abda7d,N863FD,B77L,L2J
406ecc,G-VFAN,B789,L2J
39cf0f,F-HTYP,A359,L2J
a35592,N3139J,BCS3,L2J
c045f1,C-GAMQ,B38M,L2J
406a04,G-XLEE,A388,L4J
4007fa,G-YMMO,B772,L2J
0c2093,HP-1832CMP,B738,L2J
4948b5,CS-REU,GLEX,L2J
aad24e,N797CX,C750,L2J
a8cebc,N667FE,A306,L2J
aa17e5,N75CC,GLF5,L2J
ac05b3,N874FD,B77L,L2J
c04688,C-GASL,E545,No
a591a4,N458UP,B752,L2J
ad5ca7,N960FD,B752,L2J
c076c7,C-GSZM,SR22,L1P
a7f096,N610UX,E75L,No
ae1459,06-6155,C17,L4J
43c6f8,ZZ335,A332,L2J
aa781f,N774CK,B77L,L2J
c06720,C-GNBJ,C172,L1P
a997cc,N717TW,B752,L2J
c0225d,C-FNAI,-,No
c052a4,C-GFHR,CL30,L2J
c02538,C-FOCL,CL30,L2J
c04fb5,C-GEEU,C150,L1P
c00b93,C-FEJY,E75S,No
c012c7,C-FHCW,LJ45,L2J
ab8c19,N843MH,B764,L2J
c0187a,C-FJGZ,CRJ9,L2J
c03ed7,C-FXUS,SW4,L2P
4ba9d4,TC-JNT,A333,L2J
a0044b,N10VW,TBM9,No
c019c5,C-FJTS,SW3,L2T
4ba890,TC-JDP,A332,L2J
c01ee6,C-FLSF,B738,L2J
c06ca3,C-GPDQ,CL30,L2J
c08095,C-GWSA,B738,L2J
aa7e9a,N77543,B39M,L2J
aac03d,N792JB,E170,L2J
a4ccba,N4080J,A21N,L2J
ae0270,63-8038,K35R,L4J
406d4d,G-VSPY,B789,L2J
a33398,N305TK,E35L,No
c01873,C-FJGS,DA40,L1P
a6c39f,N535GJ,CRJ7,L2J
0d0771,XA-AME,B738,L2J
485ecc,PH-BVW,B77W,L2J
c021f6,C-FMWJ,B737,L2J
a85119,N635JB,A320,L2J
a2a915,N27015,B772,L2J
ae04f8,63-7988,K35R,L4J
a73b08,N565RV,GLF4,L2J
89644d,A6-EPX,B77W,L2J
a39bfa,N33103,B752,L2J
acc9be,N923EL,GLF5,L2J
0c2075,HP-1823CMP,B738,L2J
c05d3c,C-GJHZ,CRJ9,L2J
a05582,N120UP,A306,L2J
a76df1,N578UP,B744,L4J
a8c397,N664FE,A306,L2J
c08758,C-GZGP,CL60,L2J
040102,ET-ASH,B788,L2J
c01c06,C-FKPX,PC12,L1T
740822,JY-BAB,B788,L2J
a07690,N129QS,GL5T,L2J
4063e7,G-VKSS,A333,L2J
c08568,C-GYNN,A139,No
a37ed3,N324SY,E75L,No
ab8fd0,N844MH,B764,L2J
c039ab,C-FVVU,C182,L1P
ab5975,N830MH,B764,L2J
ae0426,60-0363,K35R,L4J
a6bfe8,N534GJ,CRJ7,L2J
aa78bc,N774JS,C25B,L2J
a68946,N520DN,A359,L2J
aa9992,N782SP,DC87,L4J
a884b6,N648UA,B763,L2J
c05346,C-GFNX,C172,L1P
a4e714,N415DX,A339,L2J
c006ab,C-FCNQ,P28A,L1P
06a1bd,A7-BEG,B77W,L2J
c08260,C-GXJR,B38M,L2J
c07eda,C-GWAZ,B737,L2J
4b1902,HB-JMG,A343,L4J
aa8bfa,N779RN,E170,L2J
c00757,C-FCUG,A320,L2J
c02f9c,C-FSAT,SR22,L1P
4079cc,G-VLIB,A35K,L2J
aa5428,N765AN,B772,L2J
459053,OY-DBS,FA8X,No
c013d8,C-FHNJ,C56X,L2J
c083b8,C-GXWX,M20P,L1P
ab4840,N826MH,B764,L2J
406c3a,G-VYUM,B789,L2J
c085e0,C-GYSD,B738,L2J
c06a6e,C-GOHX,CL35,L2J
39ce6b,F-HTTL,CL60,L2J
48455f,PH-BVB,B77W,L2J
4a91b2,SE-DMR,A21N,L2J
a00187,N1RP,GLF5,L2J
c055c9,C-GGMQ,DH8D,L2T
ad727a,N966AK,B39M,L2J
c004ea,C-FBWJ,B737,L2J
a16e72,N1911W,GA6C,No
a6a33f,N527DE,A21N,L2J
0c208e,HP-1831CMP,B738,L2J
c068c9,C-GNRS,GLEX,L2J
3c64f0,D-AIGP,A343,L4J
394a07,F-GSQH,B77W,L2J
867fac,JA733J,B77W,L2J
406c3b,G-VZIG,B789,L2J
aa4548,N761AJ,B772,L2J
a0be81,N147UP,A306,L2J
a33eda,N308UP,B763,L2J
c0603b,C-GKLM,AS50,No
c08190,C-GXBR,C150,L1P
c00115,C-FAKQ,C77R,No
406b12,G-TUIE,B788,L2J
ab6fbf,N836MH,B764,L2J
ae146b,07-7173,C17,L4J
48506b,PH-TFK,B788,L2J
a1775f,N194DN,B763,L2J
ae0586,87-0041,C5M,No
4bb0ea,TC-LGJ,A359,L2J
71c252,HL8252,B77L,L2J
c05dc3,C-GJNE,C550,L2J
4bb195,TC-LLU,B789,L2J
4ac8da,SE-RFZ,B789,L2J
48ae01,SP-LRB,B788,L2J
3965ae,F-GZNO,B77W,L2J
4007ef,G-YMMD,B772,L2J
896185,A6-EEF,A388,L4J
ac9e23,N912AK,B39M,L2J
a13e8c,N18CG,F900,L3J
a8e132,N671UA,B763,L2J
a8b9b3,N661UA,B763,L2J
459257,OY-DRW,FA7X,L3J
484cbc,PH-BVI,B77W,L2J
ab35d3,N821NW,A333,L2J
4408fb,OE-LPF,B772,L2J
c074cb,C-GSFY,GLEX,L2J
4074e4,G-ZBJM,B788,L2J
4ba950,TC-JJP,B77W,L2J
407993,G-STBN,B77W,L2J
4843f2,PH-BQO,B772,L2J
c2c1fb,C-GSWF,BE10,L2T
407131,G-VBOW,B789,L2J
4d0105,LX-VCE,B748,L4J
a05a01,N12114,B752,L2J
407994,G-STBO,B77W,L2J
040204,CN-TLD,FA10,L2J
40797a,G-ZBLD,B78X,L2J
3c6706,D-AIXF,A359,L2J
3c65ab,D-AIMK,A388,L4J
3c4588,D-AALH,B77L,L2J
4952ac,CS-TUL,A339,L2J
867ff0,JA735J,B77W,L2J
4b191d,HB-JNH,B77W,L2J
89616e,A6-EFH,B77L,L2J
800462,VT-ALM,B77W,L2J
89610e,A6-ECG,B77W,L2J
a650cd,N506FX,CL35,L2J
a7fbbb,N613UX,E75L,No
345619,EC-MUS,GLF6,No
c03b8a,C-FWOF,PAY2,L2T
a8170d,N620JH,GLF5,L2J
4067f8,G-TUID,B788,L2J
3c15be,D-AXGB,A332,L2J
a3db0c,N348AF,PC12,L1T
c03308,C-FTIL,AT45,L2T
a642cd,N502QS,C68A,No
43e96b,M-BIGG,GL7T,No
c03019,C-FSFO,C25B,L2J
4bb0ec,TC-LGL,A359,L2J
c08545,C-GYME,TB20,No
a58267,N454QS,E55P,L2J
c07eee,C-GWBT,B737,L2J
c05d7b,C-GJKK,B38M,L2J
3c4582,D-AALB,B77L,L2J
c01b4f,C-FKIW,B737,L2J
780a89,B-KQU,B77W,L2J
c07996,C-GUBD,A332,L2J
c016a9,C-FIPC,PC12,L1T
4bb19a,TC-LLZ,B789,L2J
ae0588,87-0043,C5M,No
4d012f,LX-MCL,B744,L4J
aac7ab,N794JB,A320,L2J
a08f94,N135UP,A306,L2J
407995,G-STBP,B77W,L2J
c07f5d,C-GWGA,B190,L2T
abb6b5,N854FD,B77L,L2J
a874e1,N644JB,A320,L2J
a8058a,N616FE,MD11,L3J
4ba953,TC-JJS,B77W,L2J
aa28f2,N754AN,B772,L2J
485345,PH-BHM,B789,L2J
49530a,CS-TXJ,A21N,L2J
3c6704,D-AIXD,A359,L2J
ac01fc,N873FD,B77L,L2J
aa5f41,N768AA,B772,L2J
c00647,C-FCJU,B763,L2J
a7e310,N607UP,B748,L4J
ac6c0d,N9SC,GA5C,No
c00bdc,C-FEMT,LJ40,L2J
4005d4,G-DHLL,B763,L2J
c085af,C-GYQG,B350,L2T
c0484c,C-GBJV,PC12,L1T
c029dd,C-FPWE,A320,L2J
c05b68,C-GIPZ,CL30,L2J
c06688,C-GMVN,B350,L2T
aa8499,N777SA,B77L,L2J
c03f85,C-FYBK,B738,L2J
c07f7c,C-GWHF,GLEX,L2J
c02e8f,C-FRQK,E75S,No
c06d2c,C-GPIX,DH8D,L2T
aafd4d,N807QS,C700,No
71c046,HL8046,B77L,L2J
ab00ab,N808MC,H25B,L2J
a69869,N524GJ,CRJ7,L2J
c06c45,C-GPAA,C650,L2J
c018db,C-FJKS,CL60,L2J
86e40e,JA862J,B789,L2J
aa9fbb,N784DP,E170,L2J
c03f96,C-FYCB,BE9L,L2T
c06647,C-GMTA,BE36,L1P
a079b1,N13JS,GL7T,No
c05ba9,C-GISM,B38M,L2J
4ca87c,EI-EJG,A332,L2J
7805dd,B-2077,B77L,L2J
a350c3,N3121J,BCS3,L2J
c088c2,C-GZUN,H500,No
3c4a02,D-ABPB,B789,L2J
406591,G-STBE,B77W,L2J
ab9b49,N847QS,C700,No
ac3214,N885TC,G150,L2J
3c7a44,D-ANRD,A339,L2J
a83dcc,N630AR,CL60,L2J
a1d8fd,N218UA,B772,L2J
40749b,G-ZBKR,B789,L2J
c0220d,C-FMXG,B38M,L2J
406d1a,G-XLEJ,A388,L4J
4d0119,LX-JCV,B744,L4J
71c044,HL8044,B77L,L2J
c02876,C-FPIJ,B763,L2J
71be33,HL7633,B748,L4J
4851b1,PH-BHF,B789,L2J
8691aa,JA784A,B77W,L2J
406f79,G-ZBKM,B789,L2J
3c6703,D-AIXC,A359,L2J
a82aa0,N625UP,B748,L4J
a37b45,N323UP,B763,L2J
a364e7,N318DU,BCS3,L2J
a286ed,N262FE,B763,L2J
abd6c6,N862FD,B77L,L2J
4076e5,G-KELT,A20N,L2J
ac3857,N887FD,B77L,L2J
c05cdd,C-GJEI,CL35,L2J
ad18ce,N943FD,B752,L2J
a7ea86,N609UX,E75L,No
4d0104,LX-VCD,B748,L4J
a0232a,N108HQ,E75S,No
a99b83,N718TW,B752,L2J
c044bd,C-GAAU,B190,L2T
c06dba,C-GPOJ,DH8D,L2T
344503,EC-MAA,A333,L2J
c00256,C-FAWZ,FA7X,L3J
c00f1b,C-FFSS,MU2,L2T
c01776,C-FIWZ,TBM8,L1T
c03330,C-FTJZ,CRJ9,L2J
c01d3c,C-FLBV,B738,L2J
a98bca,N714K,FA7X,L3J
aa6d9a,N771JV,E170,L2J
39644b,F-GZCL,A332,L2J
c06d97,C-GPNA,DH8D,L2T
a99290,N716CG,FA8X,No
4b1880,HB-JHG,A333,L2J
4d0112,LX-VCI,B748,L4J
c002aa,C-FBAF,AT8T,No
a6e3b0,N543GJ,CRJ7,L2J
c07bbe,C-GUWJ,B737,L2J
4005bd,G-VIIE,B772,L2J
c045a5,C-GAJS,LJ35,L2J
3c4b2e,D-ABYN,B748,L4J
c05f09,C-GJZS,CRJ9,L2J
aaa326,N785AN,B772,L2J
ab04f3,N809SY,B738,L2J
c07193,C-GRAG,B38M,L2J
ab249e,N817NW,A333,L2J
ad727c,N966AM,B788,L2J
c0669e,C-GMWJ,B737,L2J
4bb183,TC-LLC,B789,L2J
ab84ab,N841MH,B764,L2J
abba6c,N855FD,B77L,L2J
a076f1,N129UP,A306,L2J
a890f3,N651FE,A306,L2J
c046f7,C-GAWS,B738,L2J
abb2fe,N853FD,B77L,L2J
a40e1c,N360UP,B763,L2J
a638d1,N50NP,GA5C,No
a80a8f,N617UP,B748,L4J
c054bd,C-GGCI,DH8D,L2T
c0204f,C-FMGC,BE20,L2T
a65cce,N509QS,C68A,No
aa9eef,N78361,E75L,No
a5f808,N484FX,GLF4,L2J
c04a01,C-GCAQ,B350,L2T
c013d4,C-FHNF,B737,L2J
c03b9f,C-FWPA,BE36,L1P
c0577f,C-GHDM,AC11,L1P
a690fb,N522GJ,CRJ7,L2J
3c4590,D-AALP,B77L,L2J
c077f3,C-GTLA,F900,L3J
c03f02,C-FXWJ,B38M,L2J
c00156,C-FAND,TBM8,L1T
c032a0,C-FTEL,GLF5,L2J
a35254,N313DU,BCS3,L2J
aab922,N790MK,E170,L2J
8960f0,A6-EDO,A388,L4J
a806d8,N616UP,B748,L4J
a28423,N261QS,CL60,L2J
c02449,C-FNTG,BE35,No
a5cdae,N473QS,E55P,L2J
c08749,C-GZGA,B190,L2T
aac8f7,N794XJ,C750,L2J
a63e46,N501GJ,CRJ7,L2J
aa7f8d,N776CK,B77L,L2J
ad0119,N937QS,C68A,No
c07826,C-GTMZ,P28A,L1P
40621b,G-STBA,B77W,L2J
48ae04,SP-LRE,B788,L2J
a83876,N629JB,A320,L2J
4952aa,CS-TUJ,A339,L2J
aa92f8,N78001,B772,L2J
a7e6c7,N608UP,B748,L4J
c086a8,C-GYZV,SR20,L1P
aa4903,N762AN,B772,L2J
3949ef,F-GSPP,B772,L2J
ae1470,07-7178,C17,L4J
aa9f6f,N784AN,B772,L2J
780a29,B-LJG,B748,L4J
a0faec,N162UP,A306,L2J
c075cc,C-GSPV,GLEX,L2J
48ae20,SP-LSA,B789,L2J
c07a62,C-GUIZ,CL60,L2J
c02f6a,C-FRYV,B38M,L2J
a3f6d3,N3546,GLF6,No
aad3c9,N797UA,B772,L2J
406f73,G-ZBKG,B789,L2J
c0737c,C-GRTB,B738,L2J
ae1469,07-7171,C17,L4J
3c4b2b,D-ABYK,B748,L4J
4d0109,LX-TCV,B744,L4J
aa441c,N76010,B772,L2J
a8aeab,N659FE,A306,L2J
a65086,N506DA,A21N,L2J
a7dba2,N605UP,B748,L4J
a35eeb,N316UP,B763,L2J
c07802,C-GTLP,LJ70,No
ade5b7,N995FD,B752,L2J
c0622e,C-GLER,M600,L1T
acd5e3,N926QS,C68A,No
c04d3e,C-GDGN,S22T,No
c05d9d,C-GJLS,B738,L2J
a7dbaa,N605UX,E75L,No
c00e0e,C-FFIJ,GL5T,L2J
ae0420,58-0072,K35R,L4J
c085fd,C-GYTG,C172,L1P
a2ed5a,N288SY,E75L,No
c06e29,C-GPSQ,PC12,L1T
c066a6,C-GMWR,SR22,L1P
c07da3,C-GVPA,DH8C,L2T
c08508,C-GYJV,PC24,No
a64ac7,N504WG,C56X,L2J
a45fb1,N381HA,A332,L2J
c017ed,C-FJBO,E75S,No
a6dfe7,N542FR,SB20,L2T
4ba9f6,TC-JOV,A332,L2J
a77625,N580CL,C560,L2J
aa58a6,N766JM,E170,L2J
c053b5,C-GFSE,AS50,No
a058d8,N121QS,GL5T,L2J
a56c9f,N449FX,E545,No
c069d8,C-GOCD,B738,L2J
ae2fa9,08-8197,C17,L4J
a38ce9,N328K,GA6C,No
ab8148,N840QS,C700,No
477ff1,08-0001,C17,L4J
ac5868,N895FD,B77L,L2J
c04911,C-GBRK,GL5T,L2J
39c422,F-HRBC,B789,L2J
c00f11,C-FFSI,RV9,No
c034e1,C-FUAQ,M20P,L1P
c004f5,C-FBWU,C172,L1P
3c4b26,D-ABYF,B748,L4J
c05e9d,C-GJVO,SW4,L2P
40771a,G-VDOT,A35K,L2J
a86e6c,N642UA,B763,L2J
aabc85,N791JA,F900,L3J
c03487,C-FTXE,B38M,L2J
a39b56,N331UP,B763,L2J
3c70cb,D-ALFK,B77L,L2J
a6692d,N512DE,A21N,L2J
4bb190,TC-LLP,B789,L2J
ac498c,N891FD,B77L,L2J
a97401,N708TT,GLEX,L2J
76ccd0,9V-SFP,B744,L4J
4d012b,LX-GCL,B744,L4J
4d0128,LX-SCV,B744,L4J
a2f5d0,N290DL,GLF6,No
abc1da,N857FD,B77L,L2J
a92eef,N691FE,A306,L2J
abab90,N851FD,B77L,L2J
a3bf1e,N340UP,B763,L2J
a3088f,N295FE,B763,L2J
c03da9,C-FXJC,E75S,No
c02fc7,C-FSCK,C82R,L1P
c05c6c,C-GIZZ,PA46,L1P
a3a8e6,N335FG,CL35,L2J
c062f5,C-GLMI,C680,L2J
c07068,C-GQOT,M20P,L1P
a47995,N388FX,E55P,L2J
aaaaaa,N787BK,-,No
a110d5,N168QS,GLEX,L2J
abb775,N854NW,A332,L2J
c0659e,C-GMMN,C182,L1P
c0828f,C-GXLM,GLEX,L2J
a69fd7,N526GJ,CRJ7,L2J
c01aa5,C-FKCI,CL35,L2J
a650c7,N506FR,SB20,L2T
aa63ed,N769KW,E170,L2J
4b191e,HB-JNI,B77W,L2J
4952ab,CS-TUK,A339,L2J
a37265,N321DU,BCS3,L2J
a4ad27,N400FJ,GLF4,L2J
c07ada,C-GUNP,PA31,L2P
c0121e,C-FGWJ,B737,L2J
ab73ca,N837QS,C700,No
c02689,C-FOPK,GLEX,L2J
a4fd0e,N420QS,E55P,L2J
a6f5d9,N548CC,CL60,L2J
c051f9,C-GFBC,AS50,No
89631d,A6-EFM,B77L,L2J
aa7e74,N77530,B738,L2J
a98bc2,N714JS,C25B,L2J
a445ec,N37462,B739,L2J
484411,PH-AOC,A332,L2J
398c97,F-HDEX,F2TH,L2J
3c4b2c,D-ABYL,B748,L4J
c01f52,C-FLWJ,B737,L2J
a47905,N388AC,GLF5,L2J
aa6b9d,N77012,B772,L2J
aaa125,N784UA,B772,L2J
a98909,N713UW,A319,L2J
aaa893,N786UA,B772,L2J
3c458b,D-AALK,B77L,L2J
a59601,N45905,B788,L2J
485000,PH-BVK,B77W,L2J
406a03,G-XLED,A388,L4J
407af1,G-ZBLF,B78X,L2J
3c70c6,D-ALFF,B77L,L2J
780231,B-LJA,B748,L4J
a7f08e,N610UP,B748,L4J
ac3b51,N8878L,B38M,L2J
ac54b1,N894FD,B77L,L2J
a2f04b,N289K,G280,L2J
c07667,C-GSVU,M20T,L1P
c073b0,C-GRVB,RV6,No
c01d0a,C-FKZX,C180,No
0c208d,HP-1830CMP,B738,L2J
aae6cd,N801NN,B738,L2J
c03cd6,C-FXAZ,C208,L1T
ab24cc,N817QS,C700,No
ac7d68,N9035R,K100,No
a53001,N433TW,PC12,L1T
3c4cb6,D-ACEV,GLEX,L2J
a650d9,N506GJ,CRJ7,L2J
ac9949,N9102,GLF5,L2J
c03427,C-FTTM,P28S,No
c057e7,C-GHHM,SR22,L1P
c0802c,C-GWNZ,C150,L1P
c064d2,C-GMER,SR22,L1P
a34b51,N311JA,F900,L3J
4caa6d,EI-EJO,A332,L2J
49530d,CS-TXM,A21N,L2J
c0824e,C-GXIZ,C172,L1P
394a0e,F-GSQO,B77W,L2J
4d211a,9H-VJR,GLEX,L2J
c06035,C-GKLG,P28A,L1P
49526a,CS-TSJ,A21N,L2J
0c2063,HP-1723CMP,B738,L2J
c0870d,C-GZDS,R44,H1P
a89bf3,N654DT,SLG4,No
c063ec,C-GLVV,C150,L1P
407512,G-TUIM,B789,L2J
c060a1,C-GKPK,C340,L2P
c07e8c,C-GVXZ,C172,L1P
c074a7,C-GSEO,C172,L1P
c06a2f,C-GOFM,RV9,No
c040b8,C-FYNF,C172,L1P
acfd62,N936QS,C68A,No
c04bc6,C-GCSB,P28A,L1P
c07476,C-GSCR,C172,L1P
a18840,N1980E,BE40,L2J
c01696,C-FIOJ,SW4,L2P
345559,EC-MRL,GLF5,L2J
abed9f,N868LX,G280,L2J
4b187c,HB-JHC,A333,L2J
c00945,C-FDNG,DH8A,L2T
c06d41,C-GPJS,P28A,L1P
4ca938,EI-EJK,A332,L2J
a8cecd,N667FX,GLF6,No
a8bc3a,N662FX,GLF6,No
acb82e,N919AV,A20N,L2J
c03f37,C-FXYK,B38M,L2J
896480,A6-EUV,A388,L4J
c07fb1,C-GWJG,B737,L2J
c02cfc,C-FRAX,B38M,L2J
06a1e7,A7-BFJ,B77L,L2J
c066b2,C-GMXD,PC12,L1T
ab96a4,N846FD,B77L,L2J
a0014e,N1PG,GLF6,No
c010db,C-FGJY,C150,L1P
aab7f0,N79ZE,C750,L2J
a53edd,N437TW,PC12,L1T
a7ff72,N614UX,E75L,No
c04bed,C-GCTO,SR22,L1P
c077f9,C-GTLG,DA40,L1P
c076a1,C-GSYA,M20T,L1P
344346,EC-LYF,A333,L2J
7608fa,AP-BGZ,B77L,L2J
c03bf4,C-FWSH,G280,L2J
c0054f,C-FCAG,C560,L2J
c026e7,C-FOTA,AJET,L2J
c03b6f,C-FWNE,PA31,L2P
c0090c,C-FDLB,SR22,L1P
3965a5,F-GZNF,B77W,L2J
4d022d,LX-LXL,FA8X,No
c03c05,C-FWSY,B737,L2J
a1bd94,N211DR,GLF5,L2J
4952ae,CS-TUN,A339,L2J
aa9801,N782AN,B772,L2J
406f72,G-ZBKF,B789,L2J
aa9d6e,N783UA,B772,L2J
4bb194,TC-LLT,B789,L2J
89645a,A6-EUE,A388,L4J
4851f6,PH-BVS,B77W,L2J
c03472,C-FTWJ,B738,L2J
a9978d,N717RH,GLF6,No
4851af,PH-BHD,B789,L2J
a1d2dc,N2165J,A21N,L2J
aba1c9,N849FD,B77L,L2J
a89fcf,N655FE,A306,L2J
c05a0e,C-GICR,PC12,L1T
c005b8,C-FCEH,RV6,No
a333b5,N305UP,B763,L2J
ad27aa,N947FD,B752,L2J
c065e0,C-GMPB,PC12,L1T
c0131b,C-FHGC,PC12,L1T
c04693,C-GASW,C25B,L2J
a7005d,N550KS,C25B,L2J
c06c59,C-GPAU,DH8A,L2T
a19346,N200NY,BE20,L2T
a4e382,N414FJ,C750,L2J
ae02d3,92-3023,C130,L4T
39cf0e,F-HTYO,A359,L2J
869582,JA796A,B77W,L2J
a376e3,N322MT,M600,L1T
3c71a1,D-ALMA,A332,L2J
ab0e54,N811NW,A333,L2J
4d2089,9H-VJE,GLEX,L2J
4b1886,HB-JHM,A333,L2J
a0a903,N14118,B752,L2J
c01061,C-FGFG,CL60,L2J
a83f8c,N630UP,B748,L4J
4bb145,TC-LJE,B77W,L2J
a8a3ce,N656JB,A320,L2J
a1cc52,N215CL,C700,No
a124eb,N173GC,DHC6,L2T
c0273f,C-FOWK,CL60,L2J
a267c9,N254QS,CL60,L2J
c03e37,C-FXOO,F900,L3J
c0526c,C-GFFN,B733,L2J
44046e,OE-IGG,GLEX,L2J
c0322e,C-FTAB,PC12,L1T
ad7633,N967AM,B788,L2J
4b1a01,HB-JWB,CL60,L2J
c07fb9,C-GWJO,B737,L2J
490c41,CS-CBA,CL35,L2J
c07689,C-GSXC,FA10,L2J
4bb18f,TC-LLO,B789,L2J
a0733a,N128UP,A306,L2J
ac50fa,N893FD,B77L,L2J
c010ef,C-FGKS,CL60,L2J
a77645,N580DT,A21N,L2J
c00018,C-FAAX,P28A,L1P
c078b0,C-GTSH,BE30,No
a9fd22,N7426,CL35,L2J
c01236,C-FGXH,BE9L,L2T
71c076,HL8076,B77L,L2J
89618f,A6-EEP,A388,L4J
a02047,N107SB,BE40,L2J
c05f28,C-GKAX,BE18,No
c061e0,C-GLBR,PA31,L2P
4b1882,HB-JHI,A333,L2J
c0330e,C-FTIR,AT45,L2T
ad212a,N945QS,C68A,No
a0ca7a,N150D,DC3,No
a11fc7,N17139,B752,L2J
c03000,C-FSEP,CL60,L2J
c01aa1,C-FKCE,C550,L2J
abacb6,N851SY,B738,L2J
a449cb,N37577,B39M,L2J
c06a7c,C-GOIL,GL5T,L2J
c04a6d,C-GCEU,B350,L2T
c001ed,C-FASY,C25B,L2J
a39089,N329JB,E190,L2J
a13cf3,N179ZZ,SH33,L2T
a36eae,N320DU,BCS3,L2J
ac45d5,N890FD,B77L,L2J
4851ae,PH-BHC,B789,L2J
a7b099,N595GJ,CL60,L2J
39644c,F-GZCM,A332,L2J
abcf58,N860FD,B77L,L2J
abfa8e,N871FD,B77L,L2J
aac3f4,N793JB,A320,L2J
4b1917,HB-JNB,B77W,L2J
abc948,N859FD,B77L,L2J
a17eaa,N196CC,GLF4,L2J
aaaa92,N787AL,B772,L2J
abc591,N858FD,B77L,L2J
06a0df,A7-BFF,B77L,L2J
ae057f,87-0034,C5M,No
40621c,G-STBB,B77W,L2J
4952a9,CS-TUI,A339,L2J
3c6561,D-AIKA,A333,L2J
aa7468,N773CK,B77L,L2J
a89861,N653FE,A306,L2J
a1e97f,N222LX,GLF5,L2J
abf0c7,N869FD,B77L,L2J
a75039,N570UP,B744,L4J
aca608,N914FD,B752,L2J
c02098,C-FMIX,CL35,L2J
ac47b7,N8900L,B38M,L2J
ad5fe7,N961AK,B39M,L2J
c078d5,C-GTTS,C25M,L2J
71c077,HL8077,B77L,L2J
3c4585,D-AALE,B77L,L2J
c04ddc,C-GDMP,B738,L2J
a66dea,N513PS,PC24,No
a6ce36,N538AS,B738,L2J
c00a4c,C-FDXJ,C182,L1P
c07f2c,C-GWED,M20P,L1P
c00058,C-FADJ,P28R,L1P
c065b6,C-GMNL,BE10,L2T
c05f05,C-GJZO,T206,No
c05da8,C-GJMD,C172,L1P
394724,F-GRZE,CRJ7,L2J
c06d5b,C-GPKS,S22T,No
aace5c,N796AN,B772,L2J
ab1644,N813UA,A319,L2J
3c4584,D-AALD,B77L,L2J
c06829,C-GNLO,B350,L2T
c02130,C-FMOT,B407,No
a6c756,N536GJ,CRJ7,L2J
4b187f,HB-JHF,A333,L2J
aa7bd6,N775CK,B77L,L2J
4ca74e,EI-EAV,A333,L2J
a9bd9a,N727AN,B77W,L2J
c00679,C-FCLS,DH8A,L2T
c07f01,C-GWCM,B737,L2J
3c4b34,D-ABYT,B748,L4J
394a12,F-GSQS,B77W,L2J
ab0158,N808UA,A319,L2J
a2605b,N252QS,CL60,L2J
06a1bf,A7-BEI,B77W,L2J
c008c8,C-FDIL,GL5T,L2J
4bb148,TC-LJH,B77W,L2J
4ba94f,TC-JJO,B77W,L2J
896455,A6-EQF,B77W,L2J
a8cffd,N667UA,B763,L2J
40742e,G-CKOF,B789,L2J
4ba9ef,TC-JOO,A332,L2J
aa92f9,N78002,B772,L2J
c080a2,C-GWSN,B737,L2J
a28bb9,N263SG,B744,L4J
ab9e12,N848FD,B77L,L2J
ab3007,N82RP,FA7X,L3J
acc262,N921FD,B752,L2J
a51316,N426NA,P3,L4T
c055f2,C-GGOF,DH8D,L2T
ad9c99,N9762M,GLEX,L2J
c00d6c,C-FFCD,GLEX,L2J
c02282,C-FNBT,SR22,L1P
c01dcb,C-FLHI,B38M,L2J
c08716,C-GZEB,C182,L1P
c07572,C-GSMJ,PC12,L1T
aae66d,N801JS,C56X,L2J
ab4bf7,N827MH,B764,L2J
a189f2,N199DN,B763,L2J
ab649a,N833MH,B764,L2J
c0219c,C-FMSX,A320,L2J
c0780a,C-GTLX,PC24,No
39c424,F-HRBE,B789,L2J
a690ef,N522FX,CL30,L2J
c03d59,C-FXGA,C56X,L2J
896187,A6-EEH,A388,L4J
a40d3a,N360KN,B350,L2T
3c6562,D-AIKB,A333,L2J
a52ce7,N4320C,FA7X,L3J
a55ade,N444QG,GLF4,L2J
40683e,G-VUFO,A333,L2J
aac7b1,N794JH,E170,L2J
c06b29,C-GOPC,C177,L1P
a47d4c,N389FX,E55P,L2J
06a0de,A7-BFE,B77L,L2J
c01897,C-FJIC,C750,L2J
c0563e,C-GGRD,C208,L1T
a50e93,N425DX,A339,L2J
4bb146,TC-LJF,B77W,L2J
39d2a1,F-HUVB,A359,L2J
3c6571,D-AIKQ,A333,L2J
aaba9a,N79011,B772,L2J
c048b6,C-GBNX,C560,L2J
c064f5,C-GMGA,B190,L2T
a04f49,N119SY,E75L,No
ac638d,N898FD,B77L,L2J
adb29c,N982AK,B39M,L2J
a11fc1,N17133,B752,L2J
c04453,C-FZWS,B38M,L2J
4ba94d,TC-JJM,B77W,L2J
406b21,G-XLEH,A388,L4J
3c670f,D-AIXO,A359,L2J
c0799e,C-GUBL,A332,L2J
ae1236,03-3125,C17,L4J
346146,EC-NBE,A359,L2J
4bb186,TC-LLF,B789,L2J
ab92ed,N845FD,B77L,L2J
c01ab3,C-FKCW,C182,L1P
c0553c,C-GGHF,C172,L1P
c088a7,C-GZTM,C182,L1P
45c824,OY-RAD,FA8X,No
406d70,G-TUII,B788,L2J
c069a9,C-GOAI,PC24,No
a6c46f,N535QS,C68A,No
a12f07,N17564,B39M,L2J
a33743,N306SY,E75L,No
a9b06f,N723TW,B752,L2J
a16c3a,N191DN,B763,L2J
a5277d,N431GT,B744,L4J
c02998,C-FPTN,C172,L1P
c0371f,C-FUWS,B737,L2J
aae09f,N80MH,F2TH,L2J
4b1636,HB-IKS,CL60,L2J
a5b55f,N467UA,A320,L2J
a7598c,N57299,B38M,L2J
a8d76b,N669UA,B763,L2J
44007c,OE-LPC,B772,L2J
484561,PH-BVD,B77W,L2J
c06a78,C-GOIH,A21N,L2J
4005be,G-VIIF,B772,L2J
3c4a05,D-ABPE,B789,L2J
39cf09,F-HTYJ,A359,L2J
a97293,N708DB,GLF6,No
aa7ba7,N775AN,B772,L2J
3965a0,F-GZNA,B77W,L2J
4d0106,LX-VCF,B748,L4J
a14700,N18119,B752,L2J
4b1918,HB-JNC,B77W,L2J
40749a,G-ZBKS,B789,L2J
aa92fb,N78004,B772,L2J
4072ea,G-VWOO,B789,L2J
400683,G-VIIK,B772,L2J
a0a8df,N14107,B752,L2J
405bfb,G-YMMR,B772,L2J
4d023b,LX-MCO,A319,L2J
06a07f,A7-BFA,B77L,L2J
3c70c1,D-ALFA,B77L,L2J
406a9e,G-ZBJG,B788,L2J
896172,A6-EFL,B77L,L2J
040087,ET-ARE,B788,L2J
4d2155,9H-VTD,GLEX,L2J
c06c2a,C-GOYZ,M20P,L1P
4bb0eb,TC-LGK,A359,L2J
a84dd1,N634NN,CRJ9,L2J
c04e78,C-GDSP,SR22,L1P
add3c2,N990MM,FA50,L3J
c069ea,C-GOCV,AC11,L1P
ab050f,N809UA,A319,L2J
a87453,N644CK,LJ35,L2J
aa883e,N778RH,E170,L2J
3c70c3,D-ALFC,B77L,L2J
a2101f,N232BZ,BCS3,L2J
a0c238,N148UP,A306,L2J
344344,EC-LUX,A333,L2J
aab2bf,N789JB,A320,L2J
c0815c,C-GWZR,GLEX,L2J
4ba94a,TC-JJJ,B77W,L2J
400685,G-VIIM,B772,L2J
c07ee4,C-GWBJ,B737,L2J
a37efc,N324UP,B763,L2J
a29d37,N268FE,B763,L2J
a69ccf,N525PJ,C25M,L2J
4bb46e,TC-MCN,A333,L2J
aad2f1,N797KK,GLEX,L2J
71c251,HL8251,B77L,L2J
3c458d,D-AALM,B77L,L2J
4bb153,TC-LJS,B77L,L2J
a172ed,N1927G,G150,L2J
ab7ae4,N839MH,B764,L2J
c07c71,C-GVDG,PC12,L1T
71be22,HL7622,A388,L4J
a44964,N37549,B39M,L2J
4b1916,HB-JNA,B77W,L2J
c035cc,C-FUJR,B738,L2J
aa8075,N776MS,E170,L2J
c028cd,C-FPLS,B738,L2J
4bb14e,TC-LJN,B77L,L2J
a8cc3c,N666TR,F2TH,L2J
a9e1be,N736EE,CL60,L2J
780a16,B-KPU,B77W,L2J
c018b1,C-FJJC,CL60,L2J
aaa4dc,N785UA,B772,L2J
a838e5,N629NN,CRJ9,L2J
3c64f8,D-AIGX,A343,L4J
c04adc,C-GCJB,B752,L2J
c0828b,C-GXLI,C56X,L2J
a22438,N237TP,PC12,L1T
c036d0,C-FUTR,BE58,L2P
a5bb9d,N469FX,GLF4,L2J
c0848b,C-GYFA,P32R,L1P
a4bbae,N404BZ,BE20,L2T
c01066,C-FGFL,PC12,L1T
ab2c3a,N819QS,C700,No
c074f6,C-GSHP,SH36,L2T
3c458e,D-AALN,B77L,L2J
c01bf7,C-FKPI,PC12,L1T
a3556f,N3138J,BCS3,L2J
3c670d,D-AIXM,A359,L2J
a36799,N3185J,BCS3,L2J
c0763a,C-GSUB,C82S,No
aa90ea,N780E,GLF5,L2J
a69f88,N526DE,A21N,L2J
a88e4c,N650SB,GLF6,No
461f4c,OH-LWE,A359,L2J
a18da2,N2DF,GLF4,L2J
4b1921,HB-JNL,B77W,L2J
39c428,F-HRBI,B789,L2J
ae0679,00-0174,C17,L4J
406ec9,G-XLEK,A388,L4J
4952af,CS-TUO,A339,L2J
c04ae5,C-GCJK,A320,L2J
a0b35c,N144UP,A306,L2J
a7ea7e,N609UP,B748,L4J
a3b00c,N337CK,B733,L2J
c03cc6,C-FXAJ,C750,L2J
a3c705,N342ZK,GLF6,No
c0706f,C-GQPA,CL60,L2J
c04cbb,C-GDBM,T206,No
3c5827,D-AFAG,CL60,L2J
c07895,C-GTRG,GALX,L2J
c0850c,C-GYJZ,DH8D,L2T
c01b88,C-FKLB,C550,L2J
a679bd,N516WR,CL35,L2J
c029da,C-FPWB,C525,L2J
c07161,C-GQYI,P28R,L1P
c076fb,C-GTBM,TBM8,L1T
4d235f,9H649FX,GLF6,No
3c64f6,D-AIGV,A343,L4J
c06e84,C-GPWD,C172,L1P
c01442,C-FHRL,CL60,L2J
c0074d,C-FCTW,P28R,L1P
a9f64b,N741AK,E170,L2J
ac91ba,N909MM,F2TH,L2J
ae1170,02-1098,C17,L4J
ac0ba7,N87527,B738,L2J
c083ed,C-GXYY,C182,L1P
aac32f,N793AE,GA6C,No
3c64ed,D-AIGM,A343,L4J
4005bf,G-VIIG,B772,L2J
343499,EC-LEB,GLEX,L2J
c003f9,C-FBNC,C182,L1P
4b191b,HB-JNF,B77W,L2J
06a1e6,A7-BFI,B77L,L2J
4ba946,TC-JJF,B77W,L2J
a0abee,N142UP,A306,L2J
a3ea54,N351UP,B763,L2J
c0183c,C-FJEP,SF34,L2T
c0719f,C-GRAS,C340,L2P
c066c2,C-GMXT,C82S,No
c0561f,C-GGPY,P28R,L1P
c06171,C-GKXK,E295,No
a76cc0,N578GJ,CRJ7,L2J
a724e7,N56DL,PC24,No
a0abc5,N142SY,E75L,No
a1049d,N165DS,C56X,L2J
4ba88f,TC-JDO,A332,L2J
a23047,N240CX,GLF6,No
c01703,C-FISO,GALX,L2J
c045d5,C-GALO,GALX,L2J
c00fa8,C-FFYD,PA34,L2P
a768c2,N577DN,A21N,L2J
3c79c9,D-ANNI,E190,L2J
c04cb6,C-GDBH,RV4,No
a96e9a,N707AL,B39M,L2J
a5f451,N483FX,GLF4,L2J
a01880,N105NN,A321,L2J
c025fc,C-FOJZ,CRJ9,L2J
3c94a5,D-BEEE,E550,No
3949ed,F-GSPN,B772,L2J
76ccc9,9V-SFI,B744,L4J
c012a5,C-FHBO,B737,L2J
a0934b,N136UP,A306,L2J
ad38df,N951FD,B752,L2J
896209,A6-EGH,B77W,L2J
c00c0a,C-FEON,PA31,L2P
c0030d,C-FBEA,COL3,No
c07b07,C-GUPI,DA40,L1P
c0757c,C-GSMT,DV20,No
a7df59,N606UP,B748,L4J
4b1884,HB-JHK,A333,L2J
c0855f,C-GYNE,SR20,L1P
c01241,C-FGXS,BE9L,L2T
c00147,C-FAMO,DA40,L1P
a65847,N508GJ,CRJ7,L2J
